{
 "sbType": "Widget",
 "snapshot": {
  "logHeads": {
  },
  "data": {
   "blocks": [
    {
     "id": "bafyreietfjalckhf7zlvssjoq3cjpwwwv2y7oubwrrgah4tgl4odcek6vi",
     "fields": null,
     "restrictions": null,
     "childrenIds": [
      "6639ee151fefaf24ac47f960",
      "6639ee151fefaf24ac47f962",
      "6639ee151fefaf24ac47f964"
     ],
     "backgroundColor": "",
     "align": "AlignLeft",
     "verticalAlign": "VerticalAlignTop",
     "smartblock": {

     }
    },
    {
     "id": "6639ee151fefaf24ac47f960",
     "fields": null,
     "restrictions": null,
     "childrenIds": [
      "6639ee151fefaf24ac47f95f"
     ],
     "backgroundColor": "",
     "align": "AlignLeft",
     "verticalAlign": "VerticalAlignTop",
     "widget": {
      "layout": "CompactList",
      "limit": 0,
      "viewId": ""
     }
    },
    {
     "id": "6639ee151fefaf24ac47f962",
     "fields": null,
     "restrictions": null,
     "childrenIds": [
      "6639ee151fefaf24ac47f961"
     ],
     "backgroundColor": "",
     "align": "AlignLeft",
     "verticalAlign": "VerticalAlignTop",
     "widget": {
      "layout": "CompactList",
      "limit": 0,
      "viewId": ""
     }
    },
    {
     "id": "6639ee151fefaf24ac47f964",
     "fields": null,
     "restrictions": null,
     "childrenIds": [
      "6639ee151fefaf24ac47f963"
     ],
     "backgroundColor": "",
     "align": "AlignLeft",
     "verticalAlign": "VerticalAlignTop",
     "widget": {
      "layout": "CompactList",
      "limit": 0,
      "viewId": ""
     }
    },
    {
     "id": "6639ee151fefaf24ac47f95f",
     "fields": null,
     "restrictions": null,
     "childrenIds": [
     ],
     "backgroundColor": "",
     "align": "AlignLeft",
     "verticalAlign": "VerticalAlignTop",
     "link": {
      "targetBlockId": "favorite",
      "style": "Page",
      "fields": null,
      "iconSize": "SizeNone",
      "cardStyle": "Inline",
      "description": "None",
      "relations": [
      ]
     }
    },
    {
     "id": "6639ee151fefaf24ac47f961",
     "fields": null,
     "restrictions": null,
     "childrenIds": [
     ],
     "backgroundColor": "",
     "align": "AlignLeft",
     "verticalAlign": "VerticalAlignTop",
     "link": {
      "targetBlockId": "set",
      "style": "Page",
      "fields": null,
      "iconSize": "SizeNone",
      "cardStyle": "Inline",
      "description": "None",
      "relations": [
      ]
     }
    },
    {
     "id": "6639ee151fefaf24ac47f963",
     "fields": null,
     "restrictions": null,
     "childrenIds": [
     ],
     "backgroundColor": "",
     "align": "AlignLeft",
     "verticalAlign": "VerticalAlignTop",
     "link": {
      "targetBlockId": "recent",
      "style": "Page",
      "fields": null,
      "iconSize": "SizeNone",
      "cardStyle": "Inline",
      "description": "None",
      "relations": [
      ]
     }
    }
   ],
   "details": {
     "backlinks": [
       ],
     "createdDate": 1715072532,
     "creator": "_participant_bafyreiefyhswqjkzmjchduec5yqs4ilhceltudamvxyiv4fa3nieoeecyq_38n3w6292lnzb_A8oJ2Z9pa6jZN9o5or3WAbzMde7xETqWnxy29NgaEw5NU6iM",
     "id": "bafyreietfjalckhf7zlvssjoq3cjpwwwv2y7oubwrrgah4tgl4odcek6vi",
     "isHidden": true,
     "lastModifiedBy": "_participant_bafyreiefyhswqjkzmjchduec5yqs4ilhceltudamvxyiv4fa3nieoeecyq_38n3w6292lnzb_A8oJ2Z9pa6jZN9o5or3WAbzMde7xETqWnxy29NgaEw5NU6iM",
     "lastModifiedDate": 1715072533,
     "lastOpenedDate": 1715134592,
     "layout": 7,
     "links": [
        "favorite",
        "set",
        "recent"
       ],
     "restrictions": [
        2,
        4,
        1,
        6,
        5,
        7,
        8
       ],
     "snippet": "",
     "spaceId": "bafyreiefyhswqjkzmjchduec5yqs4ilhceltudamvxyiv4fa3nieoeecyq.38n3w6292lnzb",
     "type": "bafyreidtanyyapzz2ggtldzbsliqcgzdczztktmmrnzfqxha73eryqsvfq"
    },
   "fileKeys": null,
   "extraRelations": [
   ],
   "objectTypes": [
    "ot-dashboard"
   ],
   "collections": null,
   "removedCollectionKeys": [
   ],
   "relationLinks": [
    {
     "key": "creator",
     "format": "object"
    },
    {
     "key": "createdDate",
     "format": "date"
    },
    {
     "key": "id",
     "format": "object"
    },
    {
     "key": "spaceId",
     "format": "object"
    },
    {
     "key": "snippet",
     "format": "longtext"
    },
    {
     "key": "backlinks",
     "format": "object"
    },
    {
     "key": "layout",
     "format": "number"
    },
    {
     "key": "isHidden",
     "format": "checkbox"
    },
    {
     "key": "type",
     "format": "object"
    },
    {
     "key": "lastModifiedDate",
     "format": "date"
    },
    {
     "key": "lastModifiedBy",
     "format": "object"
    },
    {
     "key": "lastOpenedDate",
     "format": "date"
    },
    {
     "key": "links",
     "format": "object"
    },
    {
     "key": "restrictions",
     "format": "number"
    }
   ],
   "key": "",
   "originalCreatedTimestamp": "0",
   "fileInfo": null
  },
  "fileKeys": [
  ]
 }
}