{
 "sbType": "STType",
 "snapshot": {
  "logHeads": {
  },
  "data": {
   "blocks": [
    {
     "id": "bafyreiay5rr7vq6l5fgmeowzr2r3grr7ov7og4foz5uwts2o7p6nkp4ef4",
     "fields": null,
     "restrictions": null,
     "childrenIds": [
      "header"
     ],
     "backgroundColor": "",
     "align": "AlignLeft",
     "verticalAlign": "VerticalAlignTop",
     "smartblock": {

     }
    },
    {
     "id": "header",
     "fields": null,
     "restrictions": {
      "read": false,
      "edit": true,
      "remove": true,
      "drag": true,
      "dropOn": true
     },
     "childrenIds": [
      "title",
      "featuredRelations"
     ],
     "backgroundColor": "",
     "align": "AlignLeft",
     "verticalAlign": "VerticalAlignTop",
     "layout": {
      "style": "Header"
     }
    },
    {
     "id": "title",
     "fields": {
       "_detailsKey": [
          "name",
          "done"
         ]
      },
     "restrictions": {
      "read": false,
      "edit": false,
      "remove": true,
      "drag": true,
      "dropOn": true
     },
     "childrenIds": [
     ],
     "backgroundColor": "",
     "align": "AlignLeft",
     "verticalAlign": "VerticalAlignTop",
     "text": {
      "text": "",
      "style": "Title",
      "marks": {
       "marks": [
       ]
      },
      "checked": false,
      "color": "",
      "iconEmoji": "",
      "iconImage": ""
     }
    },
    {
     "id": "featuredRelations",
     "fields": null,
     "restrictions": {
      "read": false,
      "edit": false,
      "remove": true,
      "drag": true,
      "dropOn": true
     },
     "childrenIds": [
     ],
     "backgroundColor": "",
     "align": "AlignLeft",
     "verticalAlign": "VerticalAlignTop",
     "featuredRelations": {

     }
    }
   ],
   "details": {
     "backlinks": [
       ],
     "createdDate": 1715069712,
     "creator": "_anytype_profile",
     "description": "Sound when recorded, with ability to reproduce",
     "featuredRelations": [
        "backlinks",
        "type"
       ],
     "iconEmoji": "🎵",
     "id": "bafyreiay5rr7vq6l5fgmeowzr2r3grr7ov7og4foz5uwts2o7p6nkp4ef4",
     "internalFlags": [
       ],
     "isArchived": false,
     "isHidden": false,
     "isReadonly": true,
     "lastModifiedBy": "_participant_bafyreiefyhswqjkzmjchduec5yqs4ilhceltudamvxyiv4fa3nieoeecyq_38n3w6292lnzb_A8oJ2Z9pa6jZN9o5or3WAbzMde7xETqWnxy29NgaEw5NU6iM",
     "lastModifiedDate": 1715072532,
     "lastUsedDate": 1715070432,
     "layout": 4,
     "links": [
       ],
     "name": "Audio",
     "origin": 7,
     "recommendedLayout": 6,
     "recommendedRelations": [
        "bafyreibgrfjjwfs6f6vpejqerq2w2thcsvfkikmriov7x2ijciqzyxet74",
        "bafyreieoexbviiv7752jca4qqalm24juqentlfy4umprtiru2updf34diu",
        "bafyreifcbje62pnpakasykmpr7bwohl2i657dtyfhnzggllps5xprmr6sy",
        "bafyreiank6q54msjmdh2almqmclqtkpdedi3yw4wxf7kftqo2oessz37p4",
        "bafyreibbtj5zwwpqjz5j4jbx7hr5tjk63d7qesl7mcspbyzx2nkxi5e7ey",
        "bafyreibuq5op37g5yvywxuqsanirlguf2csm3hle3ljh7hvlmb5edcbixm",
        "bafyreig7edrrbwk77wl76bqo3qz5qdxyybixylvyxnahegnlnb3dejfczy",
        "bafyreid3dabm4kik7p4nhbx6fe6yjqmsxxq5xrv57bph6qjvag4y7jorqy",
        "bafyreiaeckaxp5si3kcjiygfw6husijq4dv7suugv2dpcsmemrhytekwey",
        "bafyreicux6ytpvx6z3gr37viylvfyfd3letl73wrmwqds5yg4s3yf2t2ya",
        "bafyreihwfzrd5c4qnxocyixmalrpfgbny6qevuqgiukpcmztkwfvi4zphq",
        "bafyreigwdsl2xl42t6qxhrbi5hjrsmbnyusqlacrf2bvizx5y2q2r7gjoq",
        "bafyreichvuqhdivclnpthr5hbloacf3cv5ztfj2ykqbadabtyzx26me4i4",
        "bafyreiednsxthxn2nqwcetdgeqwhutyjevxxwqg5x3uk3o5npewkls3bwy"
       ],
     "restrictions": [
        3,
        6,
        5,
        7,
        4,
        1,
        9
       ],
     "revision": 0,
     "smartblockTypes": [
        256
       ],
     "snippet": "",
     "sourceObject": "_otaudio",
     "spaceId": "bafyreiefyhswqjkzmjchduec5yqs4ilhceltudamvxyiv4fa3nieoeecyq.38n3w6292lnzb",
     "type": "bafyreiein6oysvewaw5k6xjy7dyht5zbbtsdr2eh4326fjjc76dr6crpbq",
     "uniqueKey": "ot-audio"
    },
   "fileKeys": null,
   "extraRelations": [
   ],
   "objectTypes": [
    "ot-objectType"
   ],
   "collections": null,
   "removedCollectionKeys": [
   ],
   "relationLinks": [
    {
     "key": "spaceId",
     "format": "object"
    },
    {
     "key": "description",
     "format": "longtext"
    },
    {
     "key": "iconEmoji",
     "format": "emoji"
    },
    {
     "key": "revision",
     "format": "number"
    },
    {
     "key": "origin",
     "format": "number"
    },
    {
     "key": "recommendedRelations",
     "format": "object"
    },
    {
     "key": "featuredRelations",
     "format": "object"
    },
    {
     "key": "smartblockTypes",
     "format": "number"
    },
    {
     "key": "internalFlags",
     "format": "number"
    },
    {
     "key": "recommendedLayout",
     "format": "number"
    },
    {
     "key": "layout",
     "format": "number"
    },
    {
     "key": "sourceObject",
     "format": "object"
    },
    {
     "key": "isHidden",
     "format": "checkbox"
    },
    {
     "key": "name",
     "format": "shorttext"
    },
    {
     "key": "id",
     "format": "object"
    },
    {
     "key": "uniqueKey",
     "format": "longtext"
    },
    {
     "key": "isReadonly",
     "format": "checkbox"
    },
    {
     "key": "snippet",
     "format": "longtext"
    },
    {
     "key": "backlinks",
     "format": "object"
    },
    {
     "key": "iconImage",
     "format": "file"
    },
    {
     "key": "type",
     "format": "object"
    },
    {
     "key": "layoutAlign",
     "format": "number"
    },
    {
     "key": "coverId",
     "format": "longtext"
    },
    {
     "key": "coverScale",
     "format": "number"
    },
    {
     "key": "coverType",
     "format": "number"
    },
    {
     "key": "coverX",
     "format": "number"
    },
    {
     "key": "coverY",
     "format": "number"
    },
    {
     "key": "createdDate",
     "format": "date"
    },
    {
     "key": "creator",
     "format": "object"
    },
    {
     "key": "lastModifiedDate",
     "format": "date"
    },
    {
     "key": "lastModifiedBy",
     "format": "object"
    },
    {
     "key": "lastOpenedDate",
     "format": "date"
    },
    {
     "key": "isFavorite",
     "format": "checkbox"
    },
    {
     "key": "workspaceId",
     "format": "object"
    },
    {
     "key": "links",
     "format": "object"
    },
    {
     "key": "restrictions",
     "format": "number"
    },
    {
     "key": "isArchived",
     "format": "checkbox"
    },
    {
     "key": "lastUsedDate",
     "format": "date"
    }
   ],
   "key": "audio",
   "originalCreatedTimestamp": "0",
   "fileInfo": null
  },
  "fileKeys": [
  ]
 }
}