{
 "sbType": "STType",
 "snapshot": {
  "logHeads": {
  },
  "data": {
   "blocks": [
    {
     "id": "bafyreifoak743ga42hm6oe7spbceqawtwe5vmkvy4ji3fnekxhsyf557ea",
     "fields": null,
     "restrictions": null,
     "childrenIds": [
      "header"
     ],
     "backgroundColor": "",
     "align": "AlignLeft",
     "verticalAlign": "VerticalAlignTop",
     "smartblock": {

     }
    },
    {
     "id": "header",
     "fields": null,
     "restrictions": {
      "read": false,
      "edit": true,
      "remove": true,
      "drag": true,
      "dropOn": true
     },
     "childrenIds": [
      "title",
      "featuredRelations"
     ],
     "backgroundColor": "",
     "align": "AlignLeft",
     "verticalAlign": "VerticalAlignTop",
     "layout": {
      "style": "Header"
     }
    },
    {
     "id": "title",
     "fields": {
       "_detailsKey": [
          "name",
          "done"
         ]
      },
     "restrictions": {
      "read": false,
      "edit": false,
      "remove": true,
      "drag": true,
      "dropOn": true
     },
     "childrenIds": [
     ],
     "backgroundColor": "",
     "align": "AlignLeft",
     "verticalAlign": "VerticalAlignTop",
     "text": {
      "text": "",
      "style": "Title",
      "marks": {
       "marks": [
       ]
      },
      "checked": false,
      "color": "",
      "iconEmoji": "",
      "iconImage": ""
     }
    },
    {
     "id": "featuredRelations",
     "fields": null,
     "restrictions": {
      "read": false,
      "edit": false,
      "remove": true,
      "drag": true,
      "dropOn": true
     },
     "childrenIds": [
     ],
     "backgroundColor": "",
     "align": "AlignLeft",
     "verticalAlign": "VerticalAlignTop",
     "featuredRelations": {

     }
    }
   ],
   "details": {
     "backlinks": [
       ],
     "createdDate": 1715069712,
     "creator": "_anytype_profile",
     "description": "A representation of the external form of a person or thing in art",
     "featuredRelations": [
        "backlinks",
        "type"
       ],
     "iconEmoji": "🏞",
     "id": "bafyreifoak743ga42hm6oe7spbceqawtwe5vmkvy4ji3fnekxhsyf557ea",
     "internalFlags": [
       ],
     "isArchived": false,
     "isHidden": false,
     "isReadonly": true,
     "lastModifiedBy": "_participant_bafyreiefyhswqjkzmjchduec5yqs4ilhceltudamvxyiv4fa3nieoeecyq_38n3w6292lnzb_A8oJ2Z9pa6jZN9o5or3WAbzMde7xETqWnxy29NgaEw5NU6iM",
     "lastModifiedDate": 1715072532,
     "lastUsedDate": 1715070432,
     "layout": 4,
     "links": [
       ],
     "name": "Image",
     "origin": 7,
     "recommendedLayout": 8,
     "recommendedRelations": [
        "bafyreiaeckaxp5si3kcjiygfw6husijq4dv7suugv2dpcsmemrhytekwey",
        "bafyreih7t7sjx6hxuw6dmtc523ytuekelv57xx7qpuu3l6yrw2gmqeko2u",
        "bafyreia7uminaxqywn2mze247u4bytknfmuai4fuort5ht4gi5itjkm3zi",
        "bafyreicppltiuvggdzaw36cvlf4zmtgs3kztymszar34k7wuya5golx5fq",
        "bafyreid3dabm4kik7p4nhbx6fe6yjqmsxxq5xrv57bph6qjvag4y7jorqy",
        "bafyreideu5holkqzeefca5jc72zhb7mnrppfnbeiu5ifhj3qf3vgv3cvau",
        "bafyreibry7f3w4rnpkvbvqtvf2ueff2gmo2ssw4putyplvnadfsubgcjl4",
        "bafyreiaiky2ywggwkok53nqfhwndffcxvevebqjxp6wjr633ukobhuy7lu",
        "bafyreicux6ytpvx6z3gr37viylvfyfd3letl73wrmwqds5yg4s3yf2t2ya",
        "bafyreia3p3h3fg7gd3w5lvjpiquursdm6ukhcglydic5bfoxdnebpk2dja",
        "bafyreihwfzrd5c4qnxocyixmalrpfgbny6qevuqgiukpcmztkwfvi4zphq",
        "bafyreiednsxthxn2nqwcetdgeqwhutyjevxxwqg5x3uk3o5npewkls3bwy"
       ],
     "restrictions": [
        3,
        6,
        5,
        7,
        4,
        1,
        9
       ],
     "revision": 0,
     "smartblockTypes": [
        256
       ],
     "snippet": "",
     "sourceObject": "_otimage",
     "spaceId": "bafyreiefyhswqjkzmjchduec5yqs4ilhceltudamvxyiv4fa3nieoeecyq.38n3w6292lnzb",
     "type": "bafyreiein6oysvewaw5k6xjy7dyht5zbbtsdr2eh4326fjjc76dr6crpbq",
     "uniqueKey": "ot-image"
    },
   "fileKeys": null,
   "extraRelations": [
   ],
   "objectTypes": [
    "ot-objectType"
   ],
   "collections": null,
   "removedCollectionKeys": [
   ],
   "relationLinks": [
    {
     "key": "spaceId",
     "format": "object"
    },
    {
     "key": "description",
     "format": "longtext"
    },
    {
     "key": "revision",
     "format": "number"
    },
    {
     "key": "name",
     "format": "shorttext"
    },
    {
     "key": "sourceObject",
     "format": "object"
    },
    {
     "key": "internalFlags",
     "format": "number"
    },
    {
     "key": "layout",
     "format": "number"
    },
    {
     "key": "recommendedRelations",
     "format": "object"
    },
    {
     "key": "origin",
     "format": "number"
    },
    {
     "key": "featuredRelations",
     "format": "object"
    },
    {
     "key": "isHidden",
     "format": "checkbox"
    },
    {
     "key": "recommendedLayout",
     "format": "number"
    },
    {
     "key": "iconEmoji",
     "format": "emoji"
    },
    {
     "key": "smartblockTypes",
     "format": "number"
    },
    {
     "key": "id",
     "format": "object"
    },
    {
     "key": "uniqueKey",
     "format": "longtext"
    },
    {
     "key": "isReadonly",
     "format": "checkbox"
    },
    {
     "key": "snippet",
     "format": "longtext"
    },
    {
     "key": "backlinks",
     "format": "object"
    },
    {
     "key": "iconImage",
     "format": "file"
    },
    {
     "key": "type",
     "format": "object"
    },
    {
     "key": "layoutAlign",
     "format": "number"
    },
    {
     "key": "coverId",
     "format": "longtext"
    },
    {
     "key": "coverScale",
     "format": "number"
    },
    {
     "key": "coverType",
     "format": "number"
    },
    {
     "key": "coverX",
     "format": "number"
    },
    {
     "key": "coverY",
     "format": "number"
    },
    {
     "key": "createdDate",
     "format": "date"
    },
    {
     "key": "creator",
     "format": "object"
    },
    {
     "key": "lastModifiedDate",
     "format": "date"
    },
    {
     "key": "lastModifiedBy",
     "format": "object"
    },
    {
     "key": "lastOpenedDate",
     "format": "date"
    },
    {
     "key": "isFavorite",
     "format": "checkbox"
    },
    {
     "key": "workspaceId",
     "format": "object"
    },
    {
     "key": "links",
     "format": "object"
    },
    {
     "key": "restrictions",
     "format": "number"
    },
    {
     "key": "lastUsedDate",
     "format": "date"
    },
    {
     "key": "isArchived",
     "format": "checkbox"
    }
   ],
   "key": "image",
   "originalCreatedTimestamp": "0",
   "fileInfo": null
  },
  "fileKeys": [
  ]
 }
}