{
 "sbType": "Workspace",
 "snapshot": {
  "logHeads": {
  },
  "data": {
   "blocks": [
    {
     "id": "bafyreidn3vtf5smoyivugchft43dlzx6mcrrgxwsjyppddfqs6oftsf6gy",
     "fields": null,
     "restrictions": null,
     "childrenIds": [
      "header"
     ],
     "backgroundColor": "",
     "align": "AlignLeft",
     "verticalAlign": "VerticalAlignTop",
     "smartblock": {

     }
    },
    {
     "id": "header",
     "fields": null,
     "restrictions": {
      "read": false,
      "edit": true,
      "remove": true,
      "drag": true,
      "dropOn": true
     },
     "childrenIds": [
      "title",
      "featuredRelations"
     ],
     "backgroundColor": "",
     "align": "AlignLeft",
     "verticalAlign": "VerticalAlignTop",
     "layout": {
      "style": "Header"
     }
    },
    {
     "id": "title",
     "fields": {
       "_detailsKey": [
          "name",
          "done"
         ]
      },
     "restrictions": {
      "read": false,
      "edit": false,
      "remove": true,
      "drag": true,
      "dropOn": true
     },
     "childrenIds": [
     ],
     "backgroundColor": "",
     "align": "AlignLeft",
     "verticalAlign": "VerticalAlignTop",
     "text": {
      "text": "",
      "style": "Title",
      "marks": {
       "marks": [
       ]
      },
      "checked": false,
      "color": "",
      "iconEmoji": "",
      "iconImage": ""
     }
    },
    {
     "id": "featuredRelations",
     "fields": null,
     "restrictions": {
      "read": false,
      "edit": false,
      "remove": true,
      "drag": true,
      "dropOn": true
     },
     "childrenIds": [
     ],
     "backgroundColor": "",
     "align": "AlignLeft",
     "verticalAlign": "VerticalAlignTop",
     "featuredRelations": {

     }
    }
   ],
   "details": {
     "backlinks": [
       ],
     "createdDate": 1715072532,
     "creator": "_participant_bafyreiefyhswqjkzmjchduec5yqs4ilhceltudamvxyiv4fa3nieoeecyq_38n3w6292lnzb_A8oJ2Z9pa6jZN9o5or3WAbzMde7xETqWnxy29NgaEw5NU6iM",
     "featuredRelations": [
        "type",
        "creator"
       ],
     "iconOption": 11,
     "id": "bafyreidn3vtf5smoyivugchft43dlzx6mcrrgxwsjyppddfqs6oftsf6gy",
     "isHidden": true,
     "lastModifiedBy": "_participant_bafyreiefyhswqjkzmjchduec5yqs4ilhceltudamvxyiv4fa3nieoeecyq_38n3w6292lnzb_A8oJ2Z9pa6jZN9o5or3WAbzMde7xETqWnxy29NgaEw5NU6iM",
     "lastModifiedDate": 1715072533,
     "layout": 10,
     "links": [
       ],
     "name": "ss",
     "restrictions": [
        3,
        2,
        1,
        6,
        5,
        7,
        8
       ],
     "snippet": "",
     "spaceDashboardId": "bafyreidwzpumku4fvnglvxy2riwluvf64664binsx2uululksmjxd7lwte",
     "spaceId": "bafyreiefyhswqjkzmjchduec5yqs4ilhceltudamvxyiv4fa3nieoeecyq.38n3w6292lnzb",
     "type": "bafyreievpqbmzp2z4lzulqsymksk2mqjvgykhbfqkn3vp3sta64gs75k2a"
    },
   "fileKeys": null,
   "extraRelations": [
   ],
   "objectTypes": [
    "ot-space"
   ],
   "collections": {
     "settings": {
        "analyticsID": "b6f434aa-10e6-426f-88f9-e6eee9547b7e"
       }
    },
   "removedCollectionKeys": [
   ],
   "relationLinks": [
    {
     "key": "creator",
     "format": "object"
    },
    {
     "key": "createdDate",
     "format": "date"
    },
    {
     "key": "id",
     "format": "object"
    },
    {
     "key": "spaceId",
     "format": "object"
    },
    {
     "key": "snippet",
     "format": "longtext"
    },
    {
     "key": "backlinks",
     "format": "object"
    },
    {
     "key": "isHidden",
     "format": "checkbox"
    },
    {
     "key": "layout",
     "format": "number"
    },
    {
     "key": "featuredRelations",
     "format": "object"
    },
    {
     "key": "type",
     "format": "object"
    },
    {
     "key": "iconOption",
     "format": "number"
    },
    {
     "key": "name",
     "format": "shorttext"
    },
    {
     "key": "spaceDashboardId",
     "format": "object"
    },
    {
     "key": "lastModifiedDate",
     "format": "date"
    },
    {
     "key": "lastModifiedBy",
     "format": "object"
    },
    {
     "key": "restrictions",
     "format": "number"
    },
    {
     "key": "links",
     "format": "object"
    }
   ],
   "key": "",
   "originalCreatedTimestamp": "0",
   "fileInfo": null
  },
  "fileKeys": [
  ]
 }
}