{
 "sbType": "STType",
 "snapshot": {
  "logHeads": {
  },
  "data": {
   "blocks": [
    {
     "id": "bafyreia4zo6nq7pwmnddc24ql6i6ofqevxwokb4ydak4tdpu7ysfwgqy5e",
     "fields": null,
     "restrictions": null,
     "childrenIds": [
      "header"
     ],
     "backgroundColor": "",
     "align": "AlignLeft",
     "verticalAlign": "VerticalAlignTop",
     "smartblock": {

     }
    },
    {
     "id": "header",
     "fields": null,
     "restrictions": {
      "read": false,
      "edit": true,
      "remove": true,
      "drag": true,
      "dropOn": true
     },
     "childrenIds": [
      "title",
      "featuredRelations"
     ],
     "backgroundColor": "",
     "align": "AlignLeft",
     "verticalAlign": "VerticalAlignTop",
     "layout": {
      "style": "Header"
     }
    },
    {
     "id": "title",
     "fields": {
       "_detailsKey": [
          "name",
          "done"
         ]
      },
     "restrictions": {
      "read": false,
      "edit": false,
      "remove": true,
      "drag": true,
      "dropOn": true
     },
     "childrenIds": [
     ],
     "backgroundColor": "",
     "align": "AlignLeft",
     "verticalAlign": "VerticalAlignTop",
     "text": {
      "text": "",
      "style": "Title",
      "marks": {
       "marks": [
       ]
      },
      "checked": false,
      "color": "",
      "iconEmoji": "",
      "iconImage": ""
     }
    },
    {
     "id": "featuredRelations",
     "fields": null,
     "restrictions": {
      "read": false,
      "edit": false,
      "remove": true,
      "drag": true,
      "dropOn": true
     },
     "childrenIds": [
     ],
     "backgroundColor": "",
     "align": "AlignLeft",
     "verticalAlign": "VerticalAlignTop",
     "featuredRelations": {

     }
    }
   ],
   "details": {
     "backlinks": [
       ],
     "createdDate": 1715069712,
     "creator": "_anytype_profile",
     "description": "Sample object that has already some details in place and used to create objects from",
     "featuredRelations": [
        "backlinks",
        "type"
       ],
     "iconEmoji": "",
     "id": "bafyreia4zo6nq7pwmnddc24ql6i6ofqevxwokb4ydak4tdpu7ysfwgqy5e",
     "internalFlags": [
       ],
     "isArchived": false,
     "isHidden": true,
     "isReadonly": true,
     "lastModifiedBy": "_participant_bafyreiefyhswqjkzmjchduec5yqs4ilhceltudamvxyiv4fa3nieoeecyq_38n3w6292lnzb_A8oJ2Z9pa6jZN9o5or3WAbzMde7xETqWnxy29NgaEw5NU6iM",
     "lastModifiedDate": 1715072532,
     "lastUsedDate": 1715070432,
     "layout": 4,
     "links": [
       ],
     "name": "Template",
     "origin": 7,
     "recommendedLayout": 0,
     "recommendedRelations": [
        "bafyreid4lzdg3x3auf7jn6ltjiiul5luqoq7xouuhf2f3xju3cq3zq2abi",
        "bafyreiggi7yx3nn6dtfrqorhcjx7fv2gwov7kpzkpjznivr6ysvvdx7fvu",
        "bafyreiednsxthxn2nqwcetdgeqwhutyjevxxwqg5x3uk3o5npewkls3bwy"
       ],
     "restrictions": [
        3,
        6,
        5,
        7,
        4,
        1
       ],
     "revision": 0,
     "smartblockTypes": [
        288
       ],
     "snippet": "",
     "sourceObject": "_ottemplate",
     "spaceId": "bafyreiefyhswqjkzmjchduec5yqs4ilhceltudamvxyiv4fa3nieoeecyq.38n3w6292lnzb",
     "type": "bafyreiein6oysvewaw5k6xjy7dyht5zbbtsdr2eh4326fjjc76dr6crpbq",
     "uniqueKey": "ot-template"
    },
   "fileKeys": null,
   "extraRelations": [
   ],
   "objectTypes": [
    "ot-objectType"
   ],
   "collections": null,
   "removedCollectionKeys": [
   ],
   "relationLinks": [
    {
     "key": "spaceId",
     "format": "object"
    },
    {
     "key": "description",
     "format": "longtext"
    },
    {
     "key": "recommendedRelations",
     "format": "object"
    },
    {
     "key": "recommendedLayout",
     "format": "number"
    },
    {
     "key": "sourceObject",
     "format": "object"
    },
    {
     "key": "isHidden",
     "format": "checkbox"
    },
    {
     "key": "origin",
     "format": "number"
    },
    {
     "key": "featuredRelations",
     "format": "object"
    },
    {
     "key": "revision",
     "format": "number"
    },
    {
     "key": "iconEmoji",
     "format": "emoji"
    },
    {
     "key": "layout",
     "format": "number"
    },
    {
     "key": "name",
     "format": "shorttext"
    },
    {
     "key": "internalFlags",
     "format": "number"
    },
    {
     "key": "smartblockTypes",
     "format": "number"
    },
    {
     "key": "id",
     "format": "object"
    },
    {
     "key": "uniqueKey",
     "format": "longtext"
    },
    {
     "key": "isReadonly",
     "format": "checkbox"
    },
    {
     "key": "snippet",
     "format": "longtext"
    },
    {
     "key": "backlinks",
     "format": "object"
    },
    {
     "key": "iconImage",
     "format": "file"
    },
    {
     "key": "type",
     "format": "object"
    },
    {
     "key": "layoutAlign",
     "format": "number"
    },
    {
     "key": "coverId",
     "format": "longtext"
    },
    {
     "key": "coverScale",
     "format": "number"
    },
    {
     "key": "coverType",
     "format": "number"
    },
    {
     "key": "coverX",
     "format": "number"
    },
    {
     "key": "coverY",
     "format": "number"
    },
    {
     "key": "createdDate",
     "format": "date"
    },
    {
     "key": "creator",
     "format": "object"
    },
    {
     "key": "lastModifiedDate",
     "format": "date"
    },
    {
     "key": "lastModifiedBy",
     "format": "object"
    },
    {
     "key": "lastOpenedDate",
     "format": "date"
    },
    {
     "key": "isFavorite",
     "format": "checkbox"
    },
    {
     "key": "workspaceId",
     "format": "object"
    },
    {
     "key": "links",
     "format": "object"
    },
    {
     "key": "restrictions",
     "format": "number"
    },
    {
     "key": "lastUsedDate",
     "format": "date"
    },
    {
     "key": "isArchived",
     "format": "checkbox"
    }
   ],
   "key": "template",
   "originalCreatedTimestamp": "0",
   "fileInfo": null
  },
  "fileKeys": [
  ]
 }
}