{
 "sbType": "Page",
 "snapshot": {
  "logHeads": {
  },
  "data": {
   "blocks": [
    {
     "id": "bafyreiaw2cpy2ldroyrh25y2lc6dkrpcppauk5scj52vp7ttw4z7kymoiu",
     "fields": {
       "analyticsContext": "empty",
       "analyticsOriginalId": "bafyecg4gkleug3ixc3j5zc5enn5zmlz7u6u334sn5glf4kxvxlknz33s"
      },
     "restrictions": {
      "read": false,
      "edit": true,
      "remove": true,
      "drag": true,
      "dropOn": true
     },
     "childrenIds": [
      "header",
      "dataview"
     ],
     "backgroundColor": "",
     "align": "AlignLeft",
     "verticalAlign": "VerticalAlignTop",
     "smartblock": {

     }
    },
    {
     "id": "header",
     "fields": null,
     "restrictions": {
      "read": false,
      "edit": true,
      "remove": true,
      "drag": true,
      "dropOn": true
     },
     "childrenIds": [
      "title",
      "description",
      "featuredRelations"
     ],
     "backgroundColor": "",
     "align": "AlignLeft",
     "verticalAlign": "VerticalAlignTop",
     "layout": {
      "style": "Header"
     }
    },
    {
     "id": "dataview",
     "fields": null,
     "restrictions": {
      "read": false,
      "edit": false,
      "remove": false,
      "drag": false,
      "dropOn": false
     },
     "childrenIds": [
     ],
     "backgroundColor": "",
     "align": "AlignLeft",
     "verticalAlign": "VerticalAlignTop",
     "dataview": {
      "source": [
       "rel-lastModifiedDate"
      ],
      "views": [
       {
        "id": "63c59da2c54d2d6c985c2b6b",
        "type": "Table",
        "name": "All",
        "sorts": [
         {
          "RelationKey": "type",
          "type": "Asc",
          "customOrder": [
          ],
          "format": "longtext",
          "includeTime": false,
          "id": "63db97200e01101ff536a754",
          "emptyPlacement": "NotSpecified"
         },
         {
          "RelationKey": "lastModifiedDate",
          "type": "Desc",
          "customOrder": [
          ],
          "format": "longtext",
          "includeTime": false,
          "id": "63db97200e01101ff536a755",
          "emptyPlacement": "NotSpecified"
         }
        ],
        "filters": [
         {
          "id": "63d24bef257d7bad62f58c7d",
          "operator": "And",
          "RelationKey": "type",
          "relationProperty": "",
          "condition": "NotIn",
          "value": [
             "bafyreievpqbmzp2z4lzulqsymksk2mqjvgykhbfqkn3vp3sta64gs75k2a",
             "bafyreia4zo6nq7pwmnddc24ql6i6ofqevxwokb4ydak4tdpu7ysfwgqy5e",
             "bafyreiein6oysvewaw5k6xjy7dyht5zbbtsdr2eh4326fjjc76dr6crpbq",
             "bafyreieo3lz6jut6oavhbhfu6svhyrzemqohzvn2oxs3vi7wibkkytodzy",
             "bafyreiduhncrmbckvatcuzbeg5htnmgu7ga4a7gx5j6si6f4ehnzdgpokm",
             "bafyreifjrwtlguvxkfgycttwo5rrdosbm6xc7jy2gr567omokol6ghawbi",
             "bafyreidtanyyapzz2ggtldzbsliqcgzdczztktmmrnzfqxha73eryqsvfq",
             "bafyreiay5rr7vq6l5fgmeowzr2r3grr7ov7og4foz5uwts2o7p6nkp4ef4",
             "bafyreifoak743ga42hm6oe7spbceqawtwe5vmkvy4ji3fnekxhsyf557ea",
             "bafyreibgsuippvuzmcb2pwr7koxmqzkpj7whvpbbsjut5q6mcmk6qar3zi",
             "bafyreidcospfe3vleeuwnwzqac6fvfn72fsbix66cofpeuztavps72tuy4"
            ],
          "quickOption": "ExactDate",
          "format": "object",
          "includeTime": false
         },
         {
          "id": "63d24bef257d7bad62f58c7e",
          "operator": "And",
          "RelationKey": "name",
          "relationProperty": "",
          "condition": "None",
          "value": "",
          "quickOption": "ExactDate",
          "format": "longtext",
          "includeTime": false
         }
        ],
        "relations": [
         {
          "key": "name",
          "isVisible": true,
          "width": 500,
          "dateIncludeTime": false,
          "timeFormat": "Format12",
          "dateFormat": "MonthAbbrBeforeDay"
         },
         {
          "key": "type",
          "isVisible": true,
          "width": 192,
          "dateIncludeTime": false,
          "timeFormat": "Format12",
          "dateFormat": "MonthAbbrBeforeDay"
         },
         {
          "key": "lastModifiedDate",
          "isVisible": false,
          "width": 178,
          "dateIncludeTime": false,
          "timeFormat": "Format12",
          "dateFormat": "MonthAbbrBeforeDay"
         },
         {
          "key": "description",
          "isVisible": false,
          "width": 192,
          "dateIncludeTime": false,
          "timeFormat": "Format12",
          "dateFormat": "MonthAbbrBeforeDay"
         },
         {
          "key": "createdDate",
          "isVisible": false,
          "width": 192,
          "dateIncludeTime": false,
          "timeFormat": "Format12",
          "dateFormat": "MonthAbbrBeforeDay"
         },
         {
          "key": "lastModifiedBy",
          "isVisible": false,
          "width": 192,
          "dateIncludeTime": false,
          "timeFormat": "Format12",
          "dateFormat": "MonthAbbrBeforeDay"
         },
         {
          "key": "lastOpenedDate",
          "isVisible": false,
          "width": 192,
          "dateIncludeTime": false,
          "timeFormat": "Format12",
          "dateFormat": "MonthAbbrBeforeDay"
         },
         {
          "key": "done",
          "isVisible": false,
          "width": 0,
          "dateIncludeTime": false,
          "timeFormat": "Format12",
          "dateFormat": "MonthAbbrBeforeDay"
         }
        ],
        "coverRelationKey": "",
        "hideIcon": false,
        "cardSize": "Small",
        "coverFit": false,
        "groupRelationKey": "",
        "groupBackgroundColors": false,
        "pageLimit": 0,
        "defaultTemplateId": "",
        "defaultObjectTypeId": ""
       },
       {
        "id": "e83e70ab-0601-4ab7-abd9-d4dc09b9e703",
        "type": "Gallery",
        "name": "Media",
        "sorts": [
         {
          "RelationKey": "type",
          "type": "Asc",
          "customOrder": [
          ],
          "format": "longtext",
          "includeTime": false,
          "id": "63db97200e01101ff536a758",
          "emptyPlacement": "NotSpecified"
         },
         {
          "RelationKey": "name",
          "type": "Asc",
          "customOrder": [
          ],
          "format": "longtext",
          "includeTime": false,
          "id": "63db97200e01101ff536a759",
          "emptyPlacement": "NotSpecified"
         }
        ],
        "filters": [
         {
          "id": "63d24bef257d7bad62f58c81",
          "operator": "And",
          "RelationKey": "type",
          "relationProperty": "",
          "condition": "In",
          "value": [
             "bafyreiay5rr7vq6l5fgmeowzr2r3grr7ov7og4foz5uwts2o7p6nkp4ef4",
             "bafyreiduhncrmbckvatcuzbeg5htnmgu7ga4a7gx5j6si6f4ehnzdgpokm",
             "bafyreifoak743ga42hm6oe7spbceqawtwe5vmkvy4ji3fnekxhsyf557ea",
             "bafyreidcospfe3vleeuwnwzqac6fvfn72fsbix66cofpeuztavps72tuy4"
            ],
          "quickOption": "ExactDate",
          "format": "longtext",
          "includeTime": false
         }
        ],
        "relations": [
         {
          "key": "name",
          "isVisible": true,
          "width": 500,
          "dateIncludeTime": false,
          "timeFormat": "Format12",
          "dateFormat": "MonthAbbrBeforeDay"
         },
         {
          "key": "type",
          "isVisible": false,
          "width": 192,
          "dateIncludeTime": false,
          "timeFormat": "Format12",
          "dateFormat": "MonthAbbrBeforeDay"
         },
         {
          "key": "createdDate",
          "isVisible": false,
          "width": 192,
          "dateIncludeTime": false,
          "timeFormat": "Format12",
          "dateFormat": "MonthAbbrBeforeDay"
         },
         {
          "key": "description",
          "isVisible": false,
          "width": 192,
          "dateIncludeTime": false,
          "timeFormat": "Format12",
          "dateFormat": "MonthAbbrBeforeDay"
         },
         {
          "key": "lastModifiedDate",
          "isVisible": false,
          "width": 192,
          "dateIncludeTime": false,
          "timeFormat": "Format12",
          "dateFormat": "MonthAbbrBeforeDay"
         },
         {
          "key": "lastModifiedBy",
          "isVisible": false,
          "width": 192,
          "dateIncludeTime": false,
          "timeFormat": "Format12",
          "dateFormat": "MonthAbbrBeforeDay"
         },
         {
          "key": "lastOpenedDate",
          "isVisible": false,
          "width": 192,
          "dateIncludeTime": false,
          "timeFormat": "Format12",
          "dateFormat": "MonthAbbrBeforeDay"
         },
         {
          "key": "done",
          "isVisible": false,
          "width": 0,
          "dateIncludeTime": false,
          "timeFormat": "Format12",
          "dateFormat": "MonthAbbrBeforeDay"
         }
        ],
        "coverRelationKey": "pageCover",
        "hideIcon": false,
        "cardSize": "Small",
        "coverFit": false,
        "groupRelationKey": "done",
        "groupBackgroundColors": false,
        "pageLimit": 0,
        "defaultTemplateId": "",
        "defaultObjectTypeId": ""
       }
      ],
      "relations": [
      ],
      "activeView": "",
      "groupOrders": [
      ],
      "objectOrders": [
      ],
      "relationLinks": [
       {
        "key": "name",
        "format": "shorttext"
       },
       {
        "key": "type",
        "format": "object"
       },
       {
        "key": "lastModifiedDate",
        "format": "date"
       },
       {
        "key": "description",
        "format": "longtext"
       },
       {
        "key": "createdDate",
        "format": "date"
       },
       {
        "key": "lastModifiedBy",
        "format": "object"
       },
       {
        "key": "lastOpenedDate",
        "format": "date"
       },
       {
        "key": "done",
        "format": "checkbox"
       },
       {
        "key": "tag",
        "format": "tag"
       }
      ],
      "TargetObjectId": "",
      "isCollection": false
     }
    },
    {
     "id": "title",
     "fields": {
       "_detailsKey": [
          "name",
          "done"
         ]
      },
     "restrictions": {
      "read": false,
      "edit": false,
      "remove": true,
      "drag": true,
      "dropOn": true
     },
     "childrenIds": [
     ],
     "backgroundColor": "",
     "align": "AlignLeft",
     "verticalAlign": "VerticalAlignTop",
     "text": {
      "text": "",
      "style": "Title",
      "marks": {
       "marks": [
       ]
      },
      "checked": false,
      "color": "",
      "iconEmoji": "",
      "iconImage": ""
     }
    },
    {
     "id": "description",
     "fields": {
       "_detailsKey": "description"
      },
     "restrictions": {
      "read": false,
      "edit": false,
      "remove": true,
      "drag": true,
      "dropOn": true
     },
     "childrenIds": [
     ],
     "backgroundColor": "",
     "align": "AlignLeft",
     "verticalAlign": "VerticalAlignTop",
     "text": {
      "text": "",
      "style": "Description",
      "marks": {
       "marks": [
       ]
      },
      "checked": false,
      "color": "",
      "iconEmoji": "",
      "iconImage": ""
     }
    },
    {
     "id": "featuredRelations",
     "fields": null,
     "restrictions": {
      "read": false,
      "edit": false,
      "remove": true,
      "drag": true,
      "dropOn": true
     },
     "childrenIds": [
     ],
     "backgroundColor": "",
     "align": "AlignLeft",
     "verticalAlign": "VerticalAlignTop",
     "featuredRelations": {

     }
    }
   ],
   "details": {
     "addedDate": 1715072533,
     "backlinks": [
       ],
     "createdDate": 1715072533,
     "creator": "_participant_bafyreiefyhswqjkzmjchduec5yqs4ilhceltudamvxyiv4fa3nieoeecyq_38n3w6292lnzb_A8oJ2Z9pa6jZN9o5or3WAbzMde7xETqWnxy29NgaEw5NU6iM",
     "description": "All my objects in one place",
     "featuredRelations": [
        "description",
        "type",
        "setOf",
        "backlinks"
       ],
     "iconEmoji": "🌐",
     "iconImage": "",
     "id": "bafyreiaw2cpy2ldroyrh25y2lc6dkrpcppauk5scj52vp7ttw4z7kymoiu",
     "importType": 3,
     "lastModifiedBy": "_participant_bafyreiefyhswqjkzmjchduec5yqs4ilhceltudamvxyiv4fa3nieoeecyq_38n3w6292lnzb_A8oJ2Z9pa6jZN9o5or3WAbzMde7xETqWnxy29NgaEw5NU6iM",
     "lastModifiedDate": 1715072533,
     "layout": 3,
     "links": [
       ],
     "name": "All Objects",
     "oldAnytypeID": "bafyreihu3ktvo3tkdovzslpax7mputbssx7qteq4tgqlvqmenfhk4g6q2y",
     "origin": 6,
     "restrictions": [
       ],
     "setOf": [
        "bafyreihaahyryb4np2ragxi6nbqtrad4ptu42kpvr3xzfw7rvnvthft7ja"
       ],
     "snippet": "",
     "sourceFilePath": "bafyreihu3ktvo3tkdovzslpax7mputbssx7qteq4tgqlvqmenfhk4g6q2y",
     "spaceId": "bafyreiefyhswqjkzmjchduec5yqs4ilhceltudamvxyiv4fa3nieoeecyq.38n3w6292lnzb",
     "type": "bafyreifccpxqqq5rglj4ywrfkortkgqkzu5s6gey3g5345gn5zwgaj6rfu"
    },
   "fileKeys": null,
   "extraRelations": [
   ],
   "objectTypes": [
    "ot-set"
   ],
   "collections": null,
   "removedCollectionKeys": [
   ],
   "relationLinks": [
    {
     "key": "id",
     "format": "object"
    },
    {
     "key": "snippet",
     "format": "longtext"
    },
    {
     "key": "workspaceId",
     "format": "object"
    },
    {
     "key": "creator",
     "format": "object"
    },
    {
     "key": "createdDate",
     "format": "date"
    },
    {
     "key": "type",
     "format": "object"
    },
    {
     "key": "layout",
     "format": "number"
    },
    {
     "key": "featuredRelations",
     "format": "object"
    },
    {
     "key": "lastModifiedDate",
     "format": "date"
    },
    {
     "key": "lastModifiedBy",
     "format": "object"
    },
    {
     "key": "name",
     "format": "shorttext"
    },
    {
     "key": "iconEmoji",
     "format": "emoji"
    },
    {
     "key": "description",
     "format": "longtext"
    },
    {
     "key": "iconImage",
     "format": "file"
    },
    {
     "key": "layoutAlign",
     "format": "number"
    },
    {
     "key": "coverId",
     "format": "shorttext"
    },
    {
     "key": "coverScale",
     "format": "number"
    },
    {
     "key": "coverType",
     "format": "number"
    },
    {
     "key": "coverX",
     "format": "number"
    },
    {
     "key": "coverY",
     "format": "number"
    },
    {
     "key": "lastOpenedDate",
     "format": "date"
    },
    {
     "key": "isHidden",
     "format": "checkbox"
    },
    {
     "key": "isArchived",
     "format": "checkbox"
    },
    {
     "key": "isFavorite",
     "format": "checkbox"
    },
    {
     "key": "links",
     "format": "object"
    },
    {
     "key": "internalFlags",
     "format": "number"
    },
    {
     "key": "setOf",
     "format": "object"
    },
    {
     "key": "restrictions",
     "format": "number"
    },
    {
     "key": "sourceFilePath",
     "format": "longtext"
    },
    {
     "key": "oldAnytypeID",
     "format": "longtext"
    },
    {
     "key": "backlinks",
     "format": "object"
    },
    {
     "key": "importType",
     "format": "number"
    },
    {
     "key": "origin",
     "format": "number"
    },
    {
     "key": "addedDate",
     "format": "date"
    },
    {
     "key": "spaceId",
     "format": "object"
    }
   ],
   "key": "",
   "originalCreatedTimestamp": "0",
   "fileInfo": null
  },
  "fileKeys": [
  ]
 }
}