{
 "sbType": "Page",
 "snapshot": {
  "logHeads": {
  },
  "data": {
   "blocks": [
    {
     "id": "bafyreib4x5vqqqgbjnnczvlyaabbeafogvvmo4dqd6254luefdz2jwsl5e",
     "fields": {
       "analyticsContext": "empty",
       "analyticsOriginalId": "bafyedc3afby3wegtbkoi7ejge7ovwj5tcavifqhwsmt5uu2uxuyhf66s"
      },
     "restrictions": {
      "read": false,
      "edit": true,
      "remove": true,
      "drag": true,
      "dropOn": true
     },
     "childrenIds": [
      "header",
      "dataview"
     ],
     "backgroundColor": "",
     "align": "AlignLeft",
     "verticalAlign": "VerticalAlignTop",
     "smartblock": {

     }
    },
    {
     "id": "header",
     "fields": null,
     "restrictions": {
      "read": false,
      "edit": true,
      "remove": true,
      "drag": true,
      "dropOn": true
     },
     "childrenIds": [
      "title",
      "description",
      "featuredRelations"
     ],
     "backgroundColor": "",
     "align": "AlignLeft",
     "verticalAlign": "VerticalAlignTop",
     "layout": {
      "style": "Header"
     }
    },
    {
     "id": "dataview",
     "fields": null,
     "restrictions": {
      "read": false,
      "edit": false,
      "remove": false,
      "drag": false,
      "dropOn": false
     },
     "childrenIds": [
     ],
     "backgroundColor": "",
     "align": "AlignLeft",
     "verticalAlign": "VerticalAlignTop",
     "dataview": {
      "source": [
       "ot-note"
      ],
      "views": [
       {
        "id": "bbfb9a5c-2138-4a6c-9917-c78fc1f032c2",
        "type": "List",
        "name": "Today",
        "sorts": [
         {
          "RelationKey": "createdDate",
          "type": "Desc",
          "customOrder": [
          ],
          "format": "date",
          "includeTime": true,
          "id": "6481c1d3ccba0aa5b4482c08",
          "emptyPlacement": "NotSpecified"
         }
        ],
        "filters": [
         {
          "id": "6481c1e6ccba0aa5b4482c09",
          "operator": "And",
          "RelationKey": "createdDate",
          "relationProperty": "",
          "condition": "Equal",
          "value": null,
          "quickOption": "Today",
          "format": "date",
          "includeTime": false
         }
        ],
        "relations": [
         {
          "key": "name",
          "isVisible": true,
          "width": 0,
          "dateIncludeTime": false,
          "timeFormat": "Format12",
          "dateFormat": "MonthAbbrBeforeDay"
         },
         {
          "key": "id",
          "isVisible": false,
          "width": 0,
          "dateIncludeTime": false,
          "timeFormat": "Format12",
          "dateFormat": "MonthAbbrBeforeDay"
         },
         {
          "key": "description",
          "isVisible": false,
          "width": 0,
          "dateIncludeTime": false,
          "timeFormat": "Format12",
          "dateFormat": "MonthAbbrBeforeDay"
         },
         {
          "key": "type",
          "isVisible": false,
          "width": 0,
          "dateIncludeTime": false,
          "timeFormat": "Format12",
          "dateFormat": "MonthAbbrBeforeDay"
         },
         {
          "key": "creator",
          "isVisible": false,
          "width": 0,
          "dateIncludeTime": false,
          "timeFormat": "Format12",
          "dateFormat": "MonthAbbrBeforeDay"
         },
         {
          "key": "createdDate",
          "isVisible": false,
          "width": 0,
          "dateIncludeTime": false,
          "timeFormat": "Format12",
          "dateFormat": "MonthAbbrBeforeDay"
         },
         {
          "key": "layout",
          "isVisible": false,
          "width": 0,
          "dateIncludeTime": false,
          "timeFormat": "Format12",
          "dateFormat": "MonthAbbrBeforeDay"
         },
         {
          "key": "lastModifiedBy",
          "isVisible": false,
          "width": 0,
          "dateIncludeTime": false,
          "timeFormat": "Format12",
          "dateFormat": "MonthAbbrBeforeDay"
         },
         {
          "key": "iconImage",
          "isVisible": false,
          "width": 0,
          "dateIncludeTime": false,
          "timeFormat": "Format12",
          "dateFormat": "MonthAbbrBeforeDay"
         },
         {
          "key": "iconEmoji",
          "isVisible": false,
          "width": 0,
          "dateIncludeTime": false,
          "timeFormat": "Format12",
          "dateFormat": "MonthAbbrBeforeDay"
         },
         {
          "key": "coverId",
          "isVisible": false,
          "width": 0,
          "dateIncludeTime": false,
          "timeFormat": "Format12",
          "dateFormat": "MonthAbbrBeforeDay"
         },
         {
          "key": "lastModifiedDate",
          "isVisible": false,
          "width": 0,
          "dateIncludeTime": false,
          "timeFormat": "Format12",
          "dateFormat": "MonthAbbrBeforeDay"
         },
         {
          "key": "lastOpenedDate",
          "isVisible": false,
          "width": 0,
          "dateIncludeTime": false,
          "timeFormat": "Format12",
          "dateFormat": "MonthAbbrBeforeDay"
         },
         {
          "key": "coverX",
          "isVisible": false,
          "width": 0,
          "dateIncludeTime": false,
          "timeFormat": "Format12",
          "dateFormat": "MonthAbbrBeforeDay"
         },
         {
          "key": "coverY",
          "isVisible": false,
          "width": 0,
          "dateIncludeTime": false,
          "timeFormat": "Format12",
          "dateFormat": "MonthAbbrBeforeDay"
         },
         {
          "key": "coverScale",
          "isVisible": false,
          "width": 0,
          "dateIncludeTime": false,
          "timeFormat": "Format12",
          "dateFormat": "MonthAbbrBeforeDay"
         },
         {
          "key": "featuredRelations",
          "isVisible": false,
          "width": 0,
          "dateIncludeTime": false,
          "timeFormat": "Format12",
          "dateFormat": "MonthAbbrBeforeDay"
         },
         {
          "key": "coverType",
          "isVisible": false,
          "width": 0,
          "dateIncludeTime": false,
          "timeFormat": "Format12",
          "dateFormat": "MonthAbbrBeforeDay"
         },
         {
          "key": "layoutAlign",
          "isVisible": false,
          "width": 0,
          "dateIncludeTime": false,
          "timeFormat": "Format12",
          "dateFormat": "MonthAbbrBeforeDay"
         },
         {
          "key": "isHidden",
          "isVisible": false,
          "width": 0,
          "dateIncludeTime": false,
          "timeFormat": "Format12",
          "dateFormat": "MonthAbbrBeforeDay"
         },
         {
          "key": "isArchived",
          "isVisible": false,
          "width": 0,
          "dateIncludeTime": false,
          "timeFormat": "Format12",
          "dateFormat": "MonthAbbrBeforeDay"
         },
         {
          "key": "tag",
          "isVisible": false,
          "width": 0,
          "dateIncludeTime": false,
          "timeFormat": "Format12",
          "dateFormat": "MonthAbbrBeforeDay"
         },
         {
          "key": "isFavorite",
          "isVisible": false,
          "width": 0,
          "dateIncludeTime": false,
          "timeFormat": "Format12",
          "dateFormat": "MonthAbbrBeforeDay"
         },
         {
          "key": "workspaceId",
          "isVisible": false,
          "width": 0,
          "dateIncludeTime": false,
          "timeFormat": "Format12",
          "dateFormat": "MonthAbbrBeforeDay"
         },
         {
          "key": "internalFlags",
          "isVisible": false,
          "width": 0,
          "dateIncludeTime": false,
          "timeFormat": "Format12",
          "dateFormat": "MonthAbbrBeforeDay"
         },
         {
          "key": "done",
          "isVisible": false,
          "width": 0,
          "dateIncludeTime": false,
          "timeFormat": "Format12",
          "dateFormat": "MonthAbbrBeforeDay"
         }
        ],
        "coverRelationKey": "",
        "hideIcon": false,
        "cardSize": "Medium",
        "coverFit": false,
        "groupRelationKey": "tag",
        "groupBackgroundColors": false,
        "pageLimit": 0,
        "defaultTemplateId": "",
        "defaultObjectTypeId": ""
       },
       {
        "id": "9627ba3c-d403-4d1c-8a60-9c0c038b7796",
        "type": "List",
        "name": "Last week",
        "sorts": [
         {
          "RelationKey": "createdDate",
          "type": "Desc",
          "customOrder": [
          ],
          "format": "longtext",
          "includeTime": false,
          "id": "6481c1f3ccba0aa5b4482c0a",
          "emptyPlacement": "NotSpecified"
         }
        ],
        "filters": [
         {
          "id": "6481c201ccba0aa5b4482c0b",
          "operator": "And",
          "RelationKey": "createdDate",
          "relationProperty": "",
          "condition": "GreaterOrEqual",
          "value": null,
          "quickOption": "LastWeek",
          "format": "date",
          "includeTime": false
         }
        ],
        "relations": [
         {
          "key": "name",
          "isVisible": true,
          "width": 0,
          "dateIncludeTime": false,
          "timeFormat": "Format12",
          "dateFormat": "MonthAbbrBeforeDay"
         },
         {
          "key": "id",
          "isVisible": false,
          "width": 0,
          "dateIncludeTime": false,
          "timeFormat": "Format12",
          "dateFormat": "MonthAbbrBeforeDay"
         },
         {
          "key": "description",
          "isVisible": false,
          "width": 0,
          "dateIncludeTime": false,
          "timeFormat": "Format12",
          "dateFormat": "MonthAbbrBeforeDay"
         },
         {
          "key": "type",
          "isVisible": false,
          "width": 0,
          "dateIncludeTime": false,
          "timeFormat": "Format12",
          "dateFormat": "MonthAbbrBeforeDay"
         },
         {
          "key": "creator",
          "isVisible": false,
          "width": 0,
          "dateIncludeTime": false,
          "timeFormat": "Format12",
          "dateFormat": "MonthAbbrBeforeDay"
         },
         {
          "key": "createdDate",
          "isVisible": false,
          "width": 0,
          "dateIncludeTime": false,
          "timeFormat": "Format12",
          "dateFormat": "MonthAbbrBeforeDay"
         },
         {
          "key": "layout",
          "isVisible": false,
          "width": 0,
          "dateIncludeTime": false,
          "timeFormat": "Format12",
          "dateFormat": "MonthAbbrBeforeDay"
         },
         {
          "key": "lastModifiedBy",
          "isVisible": false,
          "width": 0,
          "dateIncludeTime": false,
          "timeFormat": "Format12",
          "dateFormat": "MonthAbbrBeforeDay"
         },
         {
          "key": "iconImage",
          "isVisible": false,
          "width": 0,
          "dateIncludeTime": false,
          "timeFormat": "Format12",
          "dateFormat": "MonthAbbrBeforeDay"
         },
         {
          "key": "iconEmoji",
          "isVisible": false,
          "width": 0,
          "dateIncludeTime": false,
          "timeFormat": "Format12",
          "dateFormat": "MonthAbbrBeforeDay"
         },
         {
          "key": "coverId",
          "isVisible": false,
          "width": 0,
          "dateIncludeTime": false,
          "timeFormat": "Format12",
          "dateFormat": "MonthAbbrBeforeDay"
         },
         {
          "key": "lastModifiedDate",
          "isVisible": false,
          "width": 0,
          "dateIncludeTime": false,
          "timeFormat": "Format12",
          "dateFormat": "MonthAbbrBeforeDay"
         },
         {
          "key": "lastOpenedDate",
          "isVisible": false,
          "width": 0,
          "dateIncludeTime": false,
          "timeFormat": "Format12",
          "dateFormat": "MonthAbbrBeforeDay"
         },
         {
          "key": "coverX",
          "isVisible": false,
          "width": 0,
          "dateIncludeTime": false,
          "timeFormat": "Format12",
          "dateFormat": "MonthAbbrBeforeDay"
         },
         {
          "key": "coverY",
          "isVisible": false,
          "width": 0,
          "dateIncludeTime": false,
          "timeFormat": "Format12",
          "dateFormat": "MonthAbbrBeforeDay"
         },
         {
          "key": "coverScale",
          "isVisible": false,
          "width": 0,
          "dateIncludeTime": false,
          "timeFormat": "Format12",
          "dateFormat": "MonthAbbrBeforeDay"
         },
         {
          "key": "featuredRelations",
          "isVisible": false,
          "width": 0,
          "dateIncludeTime": false,
          "timeFormat": "Format12",
          "dateFormat": "MonthAbbrBeforeDay"
         },
         {
          "key": "coverType",
          "isVisible": false,
          "width": 0,
          "dateIncludeTime": false,
          "timeFormat": "Format12",
          "dateFormat": "MonthAbbrBeforeDay"
         },
         {
          "key": "layoutAlign",
          "isVisible": false,
          "width": 0,
          "dateIncludeTime": false,
          "timeFormat": "Format12",
          "dateFormat": "MonthAbbrBeforeDay"
         },
         {
          "key": "isHidden",
          "isVisible": false,
          "width": 0,
          "dateIncludeTime": false,
          "timeFormat": "Format12",
          "dateFormat": "MonthAbbrBeforeDay"
         },
         {
          "key": "isArchived",
          "isVisible": false,
          "width": 0,
          "dateIncludeTime": false,
          "timeFormat": "Format12",
          "dateFormat": "MonthAbbrBeforeDay"
         },
         {
          "key": "tag",
          "isVisible": false,
          "width": 0,
          "dateIncludeTime": false,
          "timeFormat": "Format12",
          "dateFormat": "MonthAbbrBeforeDay"
         },
         {
          "key": "isFavorite",
          "isVisible": false,
          "width": 0,
          "dateIncludeTime": false,
          "timeFormat": "Format12",
          "dateFormat": "MonthAbbrBeforeDay"
         },
         {
          "key": "workspaceId",
          "isVisible": false,
          "width": 0,
          "dateIncludeTime": false,
          "timeFormat": "Format12",
          "dateFormat": "MonthAbbrBeforeDay"
         },
         {
          "key": "internalFlags",
          "isVisible": false,
          "width": 0,
          "dateIncludeTime": false,
          "timeFormat": "Format12",
          "dateFormat": "MonthAbbrBeforeDay"
         },
         {
          "key": "done",
          "isVisible": false,
          "width": 0,
          "dateIncludeTime": false,
          "timeFormat": "Format12",
          "dateFormat": "MonthAbbrBeforeDay"
         }
        ],
        "coverRelationKey": "",
        "hideIcon": false,
        "cardSize": "Medium",
        "coverFit": false,
        "groupRelationKey": "tag",
        "groupBackgroundColors": false,
        "pageLimit": 0,
        "defaultTemplateId": "",
        "defaultObjectTypeId": ""
       },
       {
        "id": "62ac63be0d5471da7ccb54ed",
        "type": "Table",
        "name": "All",
        "sorts": [
         {
          "RelationKey": "createdDate",
          "type": "Desc",
          "customOrder": [
          ],
          "format": "date",
          "includeTime": false,
          "id": "63db97200e01101ff536a767",
          "emptyPlacement": "NotSpecified"
         }
        ],
        "filters": [
        ],
        "relations": [
         {
          "key": "name",
          "isVisible": true,
          "width": 363,
          "dateIncludeTime": false,
          "timeFormat": "Format12",
          "dateFormat": "MonthAbbrBeforeDay"
         },
         {
          "key": "id",
          "isVisible": false,
          "width": 192,
          "dateIncludeTime": false,
          "timeFormat": "Format12",
          "dateFormat": "MonthAbbrBeforeDay"
         },
         {
          "key": "description",
          "isVisible": false,
          "width": 192,
          "dateIncludeTime": false,
          "timeFormat": "Format12",
          "dateFormat": "MonthAbbrBeforeDay"
         },
         {
          "key": "type",
          "isVisible": false,
          "width": 192,
          "dateIncludeTime": false,
          "timeFormat": "Format12",
          "dateFormat": "MonthAbbrBeforeDay"
         },
         {
          "key": "creator",
          "isVisible": false,
          "width": 192,
          "dateIncludeTime": false,
          "timeFormat": "Format12",
          "dateFormat": "MonthAbbrBeforeDay"
         },
         {
          "key": "createdDate",
          "isVisible": true,
          "width": 192,
          "dateIncludeTime": false,
          "timeFormat": "Format12",
          "dateFormat": "MonthAbbrBeforeDay"
         },
         {
          "key": "layout",
          "isVisible": false,
          "width": 192,
          "dateIncludeTime": false,
          "timeFormat": "Format12",
          "dateFormat": "MonthAbbrBeforeDay"
         },
         {
          "key": "lastModifiedBy",
          "isVisible": false,
          "width": 192,
          "dateIncludeTime": false,
          "timeFormat": "Format12",
          "dateFormat": "MonthAbbrBeforeDay"
         },
         {
          "key": "iconImage",
          "isVisible": false,
          "width": 192,
          "dateIncludeTime": false,
          "timeFormat": "Format12",
          "dateFormat": "MonthAbbrBeforeDay"
         },
         {
          "key": "iconEmoji",
          "isVisible": false,
          "width": 192,
          "dateIncludeTime": false,
          "timeFormat": "Format12",
          "dateFormat": "MonthAbbrBeforeDay"
         },
         {
          "key": "coverId",
          "isVisible": false,
          "width": 500,
          "dateIncludeTime": false,
          "timeFormat": "Format12",
          "dateFormat": "MonthAbbrBeforeDay"
         },
         {
          "key": "lastModifiedDate",
          "isVisible": false,
          "width": 192,
          "dateIncludeTime": false,
          "timeFormat": "Format12",
          "dateFormat": "MonthAbbrBeforeDay"
         },
         {
          "key": "lastOpenedDate",
          "isVisible": true,
          "width": 192,
          "dateIncludeTime": false,
          "timeFormat": "Format12",
          "dateFormat": "MonthAbbrBeforeDay"
         },
         {
          "key": "coverX",
          "isVisible": false,
          "width": 192,
          "dateIncludeTime": false,
          "timeFormat": "Format12",
          "dateFormat": "MonthAbbrBeforeDay"
         },
         {
          "key": "coverY",
          "isVisible": false,
          "width": 192,
          "dateIncludeTime": false,
          "timeFormat": "Format12",
          "dateFormat": "MonthAbbrBeforeDay"
         },
         {
          "key": "coverScale",
          "isVisible": false,
          "width": 192,
          "dateIncludeTime": false,
          "timeFormat": "Format12",
          "dateFormat": "MonthAbbrBeforeDay"
         },
         {
          "key": "featuredRelations",
          "isVisible": false,
          "width": 192,
          "dateIncludeTime": false,
          "timeFormat": "Format12",
          "dateFormat": "MonthAbbrBeforeDay"
         },
         {
          "key": "coverType",
          "isVisible": false,
          "width": 192,
          "dateIncludeTime": false,
          "timeFormat": "Format12",
          "dateFormat": "MonthAbbrBeforeDay"
         },
         {
          "key": "layoutAlign",
          "isVisible": false,
          "width": 192,
          "dateIncludeTime": false,
          "timeFormat": "Format12",
          "dateFormat": "MonthAbbrBeforeDay"
         },
         {
          "key": "isHidden",
          "isVisible": false,
          "width": 192,
          "dateIncludeTime": false,
          "timeFormat": "Format12",
          "dateFormat": "MonthAbbrBeforeDay"
         },
         {
          "key": "isArchived",
          "isVisible": false,
          "width": 192,
          "dateIncludeTime": false,
          "timeFormat": "Format12",
          "dateFormat": "MonthAbbrBeforeDay"
         },
         {
          "key": "tag",
          "isVisible": false,
          "width": 192,
          "dateIncludeTime": false,
          "timeFormat": "Format12",
          "dateFormat": "MonthAbbrBeforeDay"
         },
         {
          "key": "isFavorite",
          "isVisible": false,
          "width": 192,
          "dateIncludeTime": false,
          "timeFormat": "Format12",
          "dateFormat": "MonthAbbrBeforeDay"
         },
         {
          "key": "workspaceId",
          "isVisible": false,
          "width": 192,
          "dateIncludeTime": false,
          "timeFormat": "Format12",
          "dateFormat": "MonthAbbrBeforeDay"
         },
         {
          "key": "internalFlags",
          "isVisible": false,
          "width": 192,
          "dateIncludeTime": false,
          "timeFormat": "Format12",
          "dateFormat": "MonthAbbrBeforeDay"
         },
         {
          "key": "done",
          "isVisible": false,
          "width": 192,
          "dateIncludeTime": false,
          "timeFormat": "Format12",
          "dateFormat": "MonthAbbrBeforeDay"
         }
        ],
        "coverRelationKey": "",
        "hideIcon": false,
        "cardSize": "Small",
        "coverFit": false,
        "groupRelationKey": "",
        "groupBackgroundColors": false,
        "pageLimit": 0,
        "defaultTemplateId": "",
        "defaultObjectTypeId": ""
       }
      ],
      "relations": [
      ],
      "activeView": "",
      "groupOrders": [
      ],
      "objectOrders": [
      ],
      "relationLinks": [
       {
        "key": "name",
        "format": "shorttext"
       },
       {
        "key": "id",
        "format": "object"
       },
       {
        "key": "description",
        "format": "longtext"
       },
       {
        "key": "type",
        "format": "object"
       },
       {
        "key": "creator",
        "format": "object"
       },
       {
        "key": "createdDate",
        "format": "date"
       },
       {
        "key": "layout",
        "format": "number"
       },
       {
        "key": "lastModifiedBy",
        "format": "object"
       },
       {
        "key": "iconImage",
        "format": "file"
       },
       {
        "key": "iconEmoji",
        "format": "emoji"
       },
       {
        "key": "coverId",
        "format": "shorttext"
       },
       {
        "key": "lastModifiedDate",
        "format": "date"
       },
       {
        "key": "lastOpenedDate",
        "format": "date"
       },
       {
        "key": "coverX",
        "format": "number"
       },
       {
        "key": "coverY",
        "format": "number"
       },
       {
        "key": "coverScale",
        "format": "number"
       },
       {
        "key": "featuredRelations",
        "format": "object"
       },
       {
        "key": "coverType",
        "format": "number"
       },
       {
        "key": "layoutAlign",
        "format": "number"
       },
       {
        "key": "isHidden",
        "format": "checkbox"
       },
       {
        "key": "isArchived",
        "format": "checkbox"
       },
       {
        "key": "tag",
        "format": "tag"
       },
       {
        "key": "isFavorite",
        "format": "checkbox"
       },
       {
        "key": "workspaceId",
        "format": "object"
       },
       {
        "key": "internalFlags",
        "format": "number"
       },
       {
        "key": "done",
        "format": "checkbox"
       }
      ],
      "TargetObjectId": "",
      "isCollection": false
     }
    },
    {
     "id": "title",
     "fields": {
       "_detailsKey": [
          "name",
          "done"
         ]
      },
     "restrictions": {
      "read": false,
      "edit": false,
      "remove": true,
      "drag": true,
      "dropOn": true
     },
     "childrenIds": [
     ],
     "backgroundColor": "",
     "align": "AlignLeft",
     "verticalAlign": "VerticalAlignTop",
     "text": {
      "text": "",
      "style": "Title",
      "marks": {
       "marks": [
       ]
      },
      "checked": false,
      "color": "",
      "iconEmoji": "",
      "iconImage": ""
     }
    },
    {
     "id": "description",
     "fields": {
       "_detailsKey": "description"
      },
     "restrictions": {
      "read": false,
      "edit": false,
      "remove": true,
      "drag": true,
      "dropOn": true
     },
     "childrenIds": [
     ],
     "backgroundColor": "",
     "align": "AlignLeft",
     "verticalAlign": "VerticalAlignTop",
     "text": {
      "text": "",
      "style": "Description",
      "marks": {
       "marks": [
       ]
      },
      "checked": false,
      "color": "",
      "iconEmoji": "",
      "iconImage": ""
     }
    },
    {
     "id": "featuredRelations",
     "fields": null,
     "restrictions": {
      "read": false,
      "edit": false,
      "remove": true,
      "drag": true,
      "dropOn": true
     },
     "childrenIds": [
     ],
     "backgroundColor": "",
     "align": "AlignLeft",
     "verticalAlign": "VerticalAlignTop",
     "featuredRelations": {

     }
    }
   ],
   "details": {
     "addedDate": 1715072533,
     "backlinks": [
       ],
     "coverId": "",
     "coverScale": 0,
     "coverType": 0,
     "coverX": 0,
     "coverY": 0,
     "createdDate": 1715072533,
     "creator": "_participant_bafyreiefyhswqjkzmjchduec5yqs4ilhceltudamvxyiv4fa3nieoeecyq_38n3w6292lnzb_A8oJ2Z9pa6jZN9o5or3WAbzMde7xETqWnxy29NgaEw5NU6iM",
     "description": "Quick notes for everyday use ",
     "featuredRelations": [
        "description",
        "type",
        "setOf",
        "backlinks"
       ],
     "iconEmoji": "📝",
     "iconImage": "",
     "id": "bafyreib4x5vqqqgbjnnczvlyaabbeafogvvmo4dqd6254luefdz2jwsl5e",
     "importType": 3,
     "lastModifiedBy": "_participant_bafyreiefyhswqjkzmjchduec5yqs4ilhceltudamvxyiv4fa3nieoeecyq_38n3w6292lnzb_A8oJ2Z9pa6jZN9o5or3WAbzMde7xETqWnxy29NgaEw5NU6iM",
     "lastModifiedDate": 1715072533,
     "layout": 3,
     "links": [
       ],
     "name": "Notes",
     "oldAnytypeID": "bafyreignt4iidebdxh5ydjohhp75yrffebcqhgo4wjonzc3thobitdari4",
     "origin": 6,
     "restrictions": [
       ],
     "setOf": [
        "bafyreifcepco4cdwurycmmukaoz2pjzo7vqcepnkepr5yfwxxj4mhy4ue4"
       ],
     "snippet": "",
     "sourceFilePath": "bafyreignt4iidebdxh5ydjohhp75yrffebcqhgo4wjonzc3thobitdari4",
     "spaceId": "bafyreiefyhswqjkzmjchduec5yqs4ilhceltudamvxyiv4fa3nieoeecyq.38n3w6292lnzb",
     "type": "bafyreifccpxqqq5rglj4ywrfkortkgqkzu5s6gey3g5345gn5zwgaj6rfu"
    },
   "fileKeys": null,
   "extraRelations": [
   ],
   "objectTypes": [
    "ot-set"
   ],
   "collections": null,
   "removedCollectionKeys": [
   ],
   "relationLinks": [
    {
     "key": "id",
     "format": "object"
    },
    {
     "key": "snippet",
     "format": "longtext"
    },
    {
     "key": "workspaceId",
     "format": "object"
    },
    {
     "key": "creator",
     "format": "object"
    },
    {
     "key": "createdDate",
     "format": "date"
    },
    {
     "key": "type",
     "format": "object"
    },
    {
     "key": "layout",
     "format": "number"
    },
    {
     "key": "featuredRelations",
     "format": "object"
    },
    {
     "key": "lastModifiedDate",
     "format": "date"
    },
    {
     "key": "lastModifiedBy",
     "format": "object"
    },
    {
     "key": "name",
     "format": "shorttext"
    },
    {
     "key": "iconEmoji",
     "format": "emoji"
    },
    {
     "key": "description",
     "format": "longtext"
    },
    {
     "key": "iconImage",
     "format": "file"
    },
    {
     "key": "layoutAlign",
     "format": "number"
    },
    {
     "key": "coverId",
     "format": "shorttext"
    },
    {
     "key": "coverScale",
     "format": "number"
    },
    {
     "key": "coverType",
     "format": "number"
    },
    {
     "key": "coverX",
     "format": "number"
    },
    {
     "key": "coverY",
     "format": "number"
    },
    {
     "key": "lastOpenedDate",
     "format": "date"
    },
    {
     "key": "isHidden",
     "format": "checkbox"
    },
    {
     "key": "isArchived",
     "format": "checkbox"
    },
    {
     "key": "isFavorite",
     "format": "checkbox"
    },
    {
     "key": "links",
     "format": "object"
    },
    {
     "key": "setOf",
     "format": "object"
    },
    {
     "key": "restrictions",
     "format": "number"
    },
    {
     "key": "internalFlags",
     "format": "number"
    },
    {
     "key": "oldAnytypeID",
     "format": "longtext"
    },
    {
     "key": "sourceFilePath",
     "format": "longtext"
    },
    {
     "key": "backlinks",
     "format": "object"
    },
    {
     "key": "origin",
     "format": "number"
    },
    {
     "key": "importType",
     "format": "number"
    },
    {
     "key": "addedDate",
     "format": "date"
    },
    {
     "key": "spaceId",
     "format": "object"
    }
   ],
   "key": "",
   "originalCreatedTimestamp": "0",
   "fileInfo": null
  },
  "fileKeys": [
  ]
 }
}