{
 "sbType": "Page",
 "snapshot": {
  "logHeads": {
  },
  "data": {
   "blocks": [
    {
     "id": "bafyreiahcqkpnaht2od6i3qdjablzrjqvaqilroo5qcpkewgdxhqei6wha",
     "fields": {
       "analyticsContext": "empty",
       "analyticsOriginalId": "bafyedezxwt4fd63tuibolbaxkp224z74rz2jvuvf26ayry4wzem4an7v"
      },
     "restrictions": {
      "read": false,
      "edit": true,
      "remove": true,
      "drag": true,
      "dropOn": true
     },
     "childrenIds": [
      "header",
      "dataview"
     ],
     "backgroundColor": "",
     "align": "AlignLeft",
     "verticalAlign": "VerticalAlignTop",
     "smartblock": {

     }
    },
    {
     "id": "header",
     "fields": null,
     "restrictions": {
      "read": false,
      "edit": true,
      "remove": true,
      "drag": true,
      "dropOn": true
     },
     "childrenIds": [
      "title",
      "description",
      "featuredRelations"
     ],
     "backgroundColor": "",
     "align": "AlignLeft",
     "verticalAlign": "VerticalAlignTop",
     "layout": {
      "style": "Header"
     }
    },
    {
     "id": "dataview",
     "fields": null,
     "restrictions": {
      "read": false,
      "edit": false,
      "remove": false,
      "drag": false,
      "dropOn": false
     },
     "childrenIds": [
     ],
     "backgroundColor": "",
     "align": "AlignLeft",
     "verticalAlign": "VerticalAlignTop",
     "dataview": {
      "source": [
       "ot-task"
      ],
      "views": [
       {
        "id": "6182a74fcae0300221f9f207",
        "type": "Table",
        "name": "Today",
        "sorts": [
         {
          "RelationKey": "name",
          "type": "Asc",
          "customOrder": [
          ],
          "format": "longtext",
          "includeTime": false,
          "id": "64945284ccba0aa8fffe8057",
          "emptyPlacement": "NotSpecified"
         }
        ],
        "filters": [
         {
          "id": "653651061b0852aa7b3beeec",
          "operator": "And",
          "RelationKey": "createdDate",
          "relationProperty": "",
          "condition": "Equal",
          "value": null,
          "quickOption": "Today",
          "format": "longtext",
          "includeTime": false
         },
         {
          "id": "6501cfeb4228b0dac5eb5416",
          "operator": "And",
          "RelationKey": "dueDate",
          "relationProperty": "",
          "condition": "LessOrEqual",
          "value": null,
          "quickOption": "Today",
          "format": "longtext",
          "includeTime": false
         },
         {
          "id": "6501d0cd4228b0dac5eb5418",
          "operator": "And",
          "RelationKey": "done",
          "relationProperty": "",
          "condition": "Equal",
          "value": false,
          "quickOption": "ExactDate",
          "format": "checkbox",
          "includeTime": false
         }
        ],
        "relations": [
         {
          "key": "name",
          "isVisible": true,
          "width": 345,
          "dateIncludeTime": false,
          "timeFormat": "Format12",
          "dateFormat": "MonthAbbrBeforeDay"
         },
         {
          "key": "description",
          "isVisible": false,
          "width": 192,
          "dateIncludeTime": false,
          "timeFormat": "Format12",
          "dateFormat": "MonthAbbrBeforeDay"
         },
         {
          "key": "dueDate",
          "isVisible": true,
          "width": 192,
          "dateIncludeTime": false,
          "timeFormat": "Format12",
          "dateFormat": "MonthAbbrBeforeDay"
         },
         {
          "key": "priority",
          "isVisible": true,
          "width": 192,
          "dateIncludeTime": false,
          "timeFormat": "Format12",
          "dateFormat": "MonthAbbrBeforeDay"
         },
         {
          "key": "createdDate",
          "isVisible": false,
          "width": 192,
          "dateIncludeTime": false,
          "timeFormat": "Format12",
          "dateFormat": "MonthAbbrBeforeDay"
         },
         {
          "key": "linkedProjects",
          "isVisible": true,
          "width": 192,
          "dateIncludeTime": false,
          "timeFormat": "Format12",
          "dateFormat": "MonthAbbrBeforeDay"
         },
         {
          "key": "status",
          "isVisible": false,
          "width": 159,
          "dateIncludeTime": false,
          "timeFormat": "Format12",
          "dateFormat": "MonthAbbrBeforeDay"
         },
         {
          "key": "lastModifiedBy",
          "isVisible": false,
          "width": 192,
          "dateIncludeTime": false,
          "timeFormat": "Format12",
          "dateFormat": "MonthAbbrBeforeDay"
         },
         {
          "key": "lastModifiedDate",
          "isVisible": false,
          "width": 192,
          "dateIncludeTime": false,
          "timeFormat": "Format12",
          "dateFormat": "MonthAbbrBeforeDay"
         },
         {
          "key": "lastOpenedDate",
          "isVisible": false,
          "width": 192,
          "dateIncludeTime": false,
          "timeFormat": "Format12",
          "dateFormat": "MonthAbbrBeforeDay"
         },
         {
          "key": "tag",
          "isVisible": false,
          "width": 98,
          "dateIncludeTime": false,
          "timeFormat": "Format12",
          "dateFormat": "MonthAbbrBeforeDay"
         },
         {
          "key": "assignee",
          "isVisible": false,
          "width": 192,
          "dateIncludeTime": false,
          "timeFormat": "Format12",
          "dateFormat": "MonthAbbrBeforeDay"
         },
         {
          "key": "attachments",
          "isVisible": false,
          "width": 192,
          "dateIncludeTime": false,
          "timeFormat": "Format12",
          "dateFormat": "MonthAbbrBeforeDay"
         },
         {
          "key": "tasks",
          "isVisible": false,
          "width": 192,
          "dateIncludeTime": false,
          "timeFormat": "Format12",
          "dateFormat": "MonthAbbrBeforeDay"
         }
        ],
        "coverRelationKey": "",
        "hideIcon": false,
        "cardSize": "Small",
        "coverFit": false,
        "groupRelationKey": "",
        "groupBackgroundColors": false,
        "pageLimit": 0,
        "defaultTemplateId": "",
        "defaultObjectTypeId": ""
       },
       {
        "id": "4a179fd0-8031-4d85-8d64-90af04463f8a",
        "type": "Table",
        "name": "Scheduled",
        "sorts": [
         {
          "RelationKey": "name",
          "type": "Asc",
          "customOrder": [
          ],
          "format": "longtext",
          "includeTime": false,
          "id": "649452d2ccba0aa8fffe8059",
          "emptyPlacement": "NotSpecified"
         }
        ],
        "filters": [
         {
          "id": "6501cfeb4228b0dac5eb5416",
          "operator": "And",
          "RelationKey": "dueDate",
          "relationProperty": "",
          "condition": "Greater",
          "value": null,
          "quickOption": "Today",
          "format": "longtext",
          "includeTime": false
         },
         {
          "id": "6501d0cd4228b0dac5eb5418",
          "operator": "And",
          "RelationKey": "done",
          "relationProperty": "",
          "condition": "Equal",
          "value": false,
          "quickOption": "ExactDate",
          "format": "longtext",
          "includeTime": false
         }
        ],
        "relations": [
         {
          "key": "name",
          "isVisible": true,
          "width": 354,
          "dateIncludeTime": false,
          "timeFormat": "Format12",
          "dateFormat": "MonthAbbrBeforeDay"
         },
         {
          "key": "tag",
          "isVisible": true,
          "width": 98,
          "dateIncludeTime": false,
          "timeFormat": "Format12",
          "dateFormat": "MonthAbbrBeforeDay"
         },
         {
          "key": "dueDate",
          "isVisible": true,
          "width": 121,
          "dateIncludeTime": false,
          "timeFormat": "Format12",
          "dateFormat": "MonthAbbrBeforeDay"
         },
         {
          "key": "priority",
          "isVisible": true,
          "width": 192,
          "dateIncludeTime": false,
          "timeFormat": "Format12",
          "dateFormat": "MonthAbbrBeforeDay"
         },
         {
          "key": "linkedProjects",
          "isVisible": true,
          "width": 192,
          "dateIncludeTime": false,
          "timeFormat": "Format12",
          "dateFormat": "MonthAbbrBeforeDay"
         },
         {
          "key": "id",
          "isVisible": false,
          "width": 0,
          "dateIncludeTime": false,
          "timeFormat": "Format12",
          "dateFormat": "MonthAbbrBeforeDay"
         },
         {
          "key": "description",
          "isVisible": false,
          "width": 0,
          "dateIncludeTime": false,
          "timeFormat": "Format12",
          "dateFormat": "MonthAbbrBeforeDay"
         },
         {
          "key": "type",
          "isVisible": false,
          "width": 0,
          "dateIncludeTime": false,
          "timeFormat": "Format12",
          "dateFormat": "MonthAbbrBeforeDay"
         },
         {
          "key": "creator",
          "isVisible": false,
          "width": 0,
          "dateIncludeTime": false,
          "timeFormat": "Format12",
          "dateFormat": "MonthAbbrBeforeDay"
         },
         {
          "key": "createdDate",
          "isVisible": false,
          "width": 192,
          "dateIncludeTime": false,
          "timeFormat": "Format12",
          "dateFormat": "MonthAbbrBeforeDay"
         },
         {
          "key": "layout",
          "isVisible": false,
          "width": 0,
          "dateIncludeTime": false,
          "timeFormat": "Format12",
          "dateFormat": "MonthAbbrBeforeDay"
         },
         {
          "key": "lastModifiedBy",
          "isVisible": false,
          "width": 0,
          "dateIncludeTime": false,
          "timeFormat": "Format12",
          "dateFormat": "MonthAbbrBeforeDay"
         },
         {
          "key": "iconImage",
          "isVisible": false,
          "width": 0,
          "dateIncludeTime": false,
          "timeFormat": "Format12",
          "dateFormat": "MonthAbbrBeforeDay"
         },
         {
          "key": "iconEmoji",
          "isVisible": false,
          "width": 0,
          "dateIncludeTime": false,
          "timeFormat": "Format12",
          "dateFormat": "MonthAbbrBeforeDay"
         },
         {
          "key": "coverId",
          "isVisible": false,
          "width": 0,
          "dateIncludeTime": false,
          "timeFormat": "Format12",
          "dateFormat": "MonthAbbrBeforeDay"
         },
         {
          "key": "lastModifiedDate",
          "isVisible": false,
          "width": 0,
          "dateIncludeTime": false,
          "timeFormat": "Format12",
          "dateFormat": "MonthAbbrBeforeDay"
         },
         {
          "key": "lastOpenedDate",
          "isVisible": false,
          "width": 0,
          "dateIncludeTime": false,
          "timeFormat": "Format12",
          "dateFormat": "MonthAbbrBeforeDay"
         },
         {
          "key": "coverX",
          "isVisible": false,
          "width": 0,
          "dateIncludeTime": false,
          "timeFormat": "Format12",
          "dateFormat": "MonthAbbrBeforeDay"
         },
         {
          "key": "coverY",
          "isVisible": false,
          "width": 0,
          "dateIncludeTime": false,
          "timeFormat": "Format12",
          "dateFormat": "MonthAbbrBeforeDay"
         },
         {
          "key": "coverScale",
          "isVisible": false,
          "width": 0,
          "dateIncludeTime": false,
          "timeFormat": "Format12",
          "dateFormat": "MonthAbbrBeforeDay"
         },
         {
          "key": "featuredRelations",
          "isVisible": false,
          "width": 0,
          "dateIncludeTime": false,
          "timeFormat": "Format12",
          "dateFormat": "MonthAbbrBeforeDay"
         },
         {
          "key": "coverType",
          "isVisible": false,
          "width": 0,
          "dateIncludeTime": false,
          "timeFormat": "Format12",
          "dateFormat": "MonthAbbrBeforeDay"
         },
         {
          "key": "layoutAlign",
          "isVisible": false,
          "width": 0,
          "dateIncludeTime": false,
          "timeFormat": "Format12",
          "dateFormat": "MonthAbbrBeforeDay"
         },
         {
          "key": "isHidden",
          "isVisible": false,
          "width": 0,
          "dateIncludeTime": false,
          "timeFormat": "Format12",
          "dateFormat": "MonthAbbrBeforeDay"
         },
         {
          "key": "isArchived",
          "isVisible": false,
          "width": 0,
          "dateIncludeTime": false,
          "timeFormat": "Format12",
          "dateFormat": "MonthAbbrBeforeDay"
         },
         {
          "key": "isFavorite",
          "isVisible": false,
          "width": 0,
          "dateIncludeTime": false,
          "timeFormat": "Format12",
          "dateFormat": "MonthAbbrBeforeDay"
         },
         {
          "key": "assignee",
          "isVisible": false,
          "width": 0,
          "dateIncludeTime": false,
          "timeFormat": "Format12",
          "dateFormat": "MonthAbbrBeforeDay"
         },
         {
          "key": "attachments",
          "isVisible": false,
          "width": 0,
          "dateIncludeTime": false,
          "timeFormat": "Format12",
          "dateFormat": "MonthAbbrBeforeDay"
         },
         {
          "key": "status",
          "isVisible": false,
          "width": 0,
          "dateIncludeTime": false,
          "timeFormat": "Format12",
          "dateFormat": "MonthAbbrBeforeDay"
         },
         {
          "key": "done",
          "isVisible": false,
          "width": 0,
          "dateIncludeTime": false,
          "timeFormat": "Format12",
          "dateFormat": "MonthAbbrBeforeDay"
         },
         {
          "key": "tasks",
          "isVisible": false,
          "width": 0,
          "dateIncludeTime": false,
          "timeFormat": "Format12",
          "dateFormat": "MonthAbbrBeforeDay"
         },
         {
          "key": "workspaceId",
          "isVisible": false,
          "width": 0,
          "dateIncludeTime": false,
          "timeFormat": "Format12",
          "dateFormat": "MonthAbbrBeforeDay"
         }
        ],
        "coverRelationKey": "",
        "hideIcon": false,
        "cardSize": "Medium",
        "coverFit": false,
        "groupRelationKey": "status",
        "groupBackgroundColors": false,
        "pageLimit": 0,
        "defaultTemplateId": "",
        "defaultObjectTypeId": ""
       },
       {
        "id": "6edeb228-2073-416e-9096-eef56c49da36",
        "type": "Table",
        "name": "Completed",
        "sorts": [
         {
          "RelationKey": "lastModifiedDate",
          "type": "Asc",
          "customOrder": [
          ],
          "format": "longtext",
          "includeTime": false,
          "id": "64945321ccba0aa8fffe805b",
          "emptyPlacement": "NotSpecified"
         }
        ],
        "filters": [
         {
          "id": "6501d1f14228b0dac5eb541a",
          "operator": "And",
          "RelationKey": "done",
          "relationProperty": "",
          "condition": "Equal",
          "value": true,
          "quickOption": "ExactDate",
          "format": "checkbox",
          "includeTime": false
         }
        ],
        "relations": [
         {
          "key": "name",
          "isVisible": true,
          "width": 345,
          "dateIncludeTime": false,
          "timeFormat": "Format12",
          "dateFormat": "MonthAbbrBeforeDay"
         },
         {
          "key": "lastModifiedDate",
          "isVisible": true,
          "width": 192,
          "dateIncludeTime": false,
          "timeFormat": "Format12",
          "dateFormat": "MonthAbbrBeforeDay"
         },
         {
          "key": "tag",
          "isVisible": true,
          "width": 192,
          "dateIncludeTime": false,
          "timeFormat": "Format12",
          "dateFormat": "MonthAbbrBeforeDay"
         },
         {
          "key": "priority",
          "isVisible": true,
          "width": 192,
          "dateIncludeTime": false,
          "timeFormat": "Format12",
          "dateFormat": "MonthAbbrBeforeDay"
         },
         {
          "key": "linkedProjects",
          "isVisible": true,
          "width": 192,
          "dateIncludeTime": false,
          "timeFormat": "Format12",
          "dateFormat": "MonthAbbrBeforeDay"
         },
         {
          "key": "description",
          "isVisible": false,
          "width": 192,
          "dateIncludeTime": false,
          "timeFormat": "Format12",
          "dateFormat": "MonthAbbrBeforeDay"
         },
         {
          "key": "createdDate",
          "isVisible": false,
          "width": 192,
          "dateIncludeTime": false,
          "timeFormat": "Format12",
          "dateFormat": "MonthAbbrBeforeDay"
         },
         {
          "key": "lastModifiedBy",
          "isVisible": false,
          "width": 192,
          "dateIncludeTime": false,
          "timeFormat": "Format12",
          "dateFormat": "MonthAbbrBeforeDay"
         },
         {
          "key": "lastOpenedDate",
          "isVisible": false,
          "width": 192,
          "dateIncludeTime": false,
          "timeFormat": "Format12",
          "dateFormat": "MonthAbbrBeforeDay"
         },
         {
          "key": "assignee",
          "isVisible": false,
          "width": 192,
          "dateIncludeTime": false,
          "timeFormat": "Format12",
          "dateFormat": "MonthAbbrBeforeDay"
         },
         {
          "key": "dueDate",
          "isVisible": false,
          "width": 192,
          "dateIncludeTime": false,
          "timeFormat": "Format12",
          "dateFormat": "MonthAbbrBeforeDay"
         },
         {
          "key": "attachments",
          "isVisible": false,
          "width": 192,
          "dateIncludeTime": false,
          "timeFormat": "Format12",
          "dateFormat": "MonthAbbrBeforeDay"
         },
         {
          "key": "status",
          "isVisible": false,
          "width": 192,
          "dateIncludeTime": false,
          "timeFormat": "Format12",
          "dateFormat": "MonthAbbrBeforeDay"
         },
         {
          "key": "tasks",
          "isVisible": false,
          "width": 192,
          "dateIncludeTime": false,
          "timeFormat": "Format12",
          "dateFormat": "MonthAbbrBeforeDay"
         },
         {
          "key": "done",
          "isVisible": false,
          "width": 192,
          "dateIncludeTime": false,
          "timeFormat": "Format12",
          "dateFormat": "MonthAbbrBeforeDay"
         },
         {
          "key": "id",
          "isVisible": false,
          "width": 192,
          "dateIncludeTime": false,
          "timeFormat": "Format12",
          "dateFormat": "MonthAbbrBeforeDay"
         },
         {
          "key": "type",
          "isVisible": false,
          "width": 192,
          "dateIncludeTime": false,
          "timeFormat": "Format12",
          "dateFormat": "MonthAbbrBeforeDay"
         },
         {
          "key": "creator",
          "isVisible": false,
          "width": 192,
          "dateIncludeTime": false,
          "timeFormat": "Format12",
          "dateFormat": "MonthAbbrBeforeDay"
         },
         {
          "key": "layout",
          "isVisible": false,
          "width": 192,
          "dateIncludeTime": false,
          "timeFormat": "Format12",
          "dateFormat": "MonthAbbrBeforeDay"
         },
         {
          "key": "iconImage",
          "isVisible": false,
          "width": 192,
          "dateIncludeTime": false,
          "timeFormat": "Format12",
          "dateFormat": "MonthAbbrBeforeDay"
         },
         {
          "key": "iconEmoji",
          "isVisible": false,
          "width": 192,
          "dateIncludeTime": false,
          "timeFormat": "Format12",
          "dateFormat": "MonthAbbrBeforeDay"
         },
         {
          "key": "coverId",
          "isVisible": false,
          "width": 500,
          "dateIncludeTime": false,
          "timeFormat": "Format12",
          "dateFormat": "MonthAbbrBeforeDay"
         },
         {
          "key": "coverX",
          "isVisible": false,
          "width": 192,
          "dateIncludeTime": false,
          "timeFormat": "Format12",
          "dateFormat": "MonthAbbrBeforeDay"
         },
         {
          "key": "coverY",
          "isVisible": false,
          "width": 192,
          "dateIncludeTime": false,
          "timeFormat": "Format12",
          "dateFormat": "MonthAbbrBeforeDay"
         },
         {
          "key": "coverScale",
          "isVisible": false,
          "width": 192,
          "dateIncludeTime": false,
          "timeFormat": "Format12",
          "dateFormat": "MonthAbbrBeforeDay"
         },
         {
          "key": "featuredRelations",
          "isVisible": false,
          "width": 192,
          "dateIncludeTime": false,
          "timeFormat": "Format12",
          "dateFormat": "MonthAbbrBeforeDay"
         },
         {
          "key": "coverType",
          "isVisible": false,
          "width": 192,
          "dateIncludeTime": false,
          "timeFormat": "Format12",
          "dateFormat": "MonthAbbrBeforeDay"
         },
         {
          "key": "layoutAlign",
          "isVisible": false,
          "width": 192,
          "dateIncludeTime": false,
          "timeFormat": "Format12",
          "dateFormat": "MonthAbbrBeforeDay"
         },
         {
          "key": "isHidden",
          "isVisible": false,
          "width": 192,
          "dateIncludeTime": false,
          "timeFormat": "Format12",
          "dateFormat": "MonthAbbrBeforeDay"
         },
         {
          "key": "isArchived",
          "isVisible": false,
          "width": 192,
          "dateIncludeTime": false,
          "timeFormat": "Format12",
          "dateFormat": "MonthAbbrBeforeDay"
         },
         {
          "key": "isFavorite",
          "isVisible": false,
          "width": 192,
          "dateIncludeTime": false,
          "timeFormat": "Format12",
          "dateFormat": "MonthAbbrBeforeDay"
         },
         {
          "key": "workspaceId",
          "isVisible": false,
          "width": 192,
          "dateIncludeTime": false,
          "timeFormat": "Format12",
          "dateFormat": "MonthAbbrBeforeDay"
         }
        ],
        "coverRelationKey": "",
        "hideIcon": true,
        "cardSize": "Medium",
        "coverFit": false,
        "groupRelationKey": "status",
        "groupBackgroundColors": false,
        "pageLimit": 0,
        "defaultTemplateId": "",
        "defaultObjectTypeId": ""
       },
       {
        "id": "f984ddde-eb13-497e-809a-2b9a96fd3503",
        "type": "Table",
        "name": "All",
        "sorts": [
         {
          "RelationKey": "name",
          "type": "Asc",
          "customOrder": [
          ],
          "format": "longtext",
          "includeTime": false,
          "id": "64945380ccba0aa8fffe805c",
          "emptyPlacement": "NotSpecified"
         },
         {
          "RelationKey": "createdDate",
          "type": "Desc",
          "customOrder": [
          ],
          "format": "date",
          "includeTime": false,
          "id": "63db97200e01101ff536a75d",
          "emptyPlacement": "NotSpecified"
         }
        ],
        "filters": [
         {
          "id": "6501d1f14228b0dac5eb541a",
          "operator": "And",
          "RelationKey": "done",
          "relationProperty": "",
          "condition": "Equal",
          "value": false,
          "quickOption": "ExactDate",
          "format": "checkbox",
          "includeTime": false
         }
        ],
        "relations": [
         {
          "key": "name",
          "isVisible": true,
          "width": 345,
          "dateIncludeTime": false,
          "timeFormat": "Format12",
          "dateFormat": "MonthAbbrBeforeDay"
         },
         {
          "key": "createdDate",
          "isVisible": true,
          "width": 192,
          "dateIncludeTime": false,
          "timeFormat": "Format12",
          "dateFormat": "MonthAbbrBeforeDay"
         },
         {
          "key": "tag",
          "isVisible": true,
          "width": 192,
          "dateIncludeTime": false,
          "timeFormat": "Format12",
          "dateFormat": "MonthAbbrBeforeDay"
         },
         {
          "key": "description",
          "isVisible": false,
          "width": 192,
          "dateIncludeTime": false,
          "timeFormat": "Format12",
          "dateFormat": "MonthAbbrBeforeDay"
         },
         {
          "key": "priority",
          "isVisible": true,
          "width": 120,
          "dateIncludeTime": false,
          "timeFormat": "Format12",
          "dateFormat": "MonthAbbrBeforeDay"
         },
         {
          "key": "lastModifiedBy",
          "isVisible": false,
          "width": 192,
          "dateIncludeTime": false,
          "timeFormat": "Format12",
          "dateFormat": "MonthAbbrBeforeDay"
         },
         {
          "key": "lastModifiedDate",
          "isVisible": false,
          "width": 192,
          "dateIncludeTime": false,
          "timeFormat": "Format12",
          "dateFormat": "MonthAbbrBeforeDay"
         },
         {
          "key": "lastOpenedDate",
          "isVisible": false,
          "width": 192,
          "dateIncludeTime": false,
          "timeFormat": "Format12",
          "dateFormat": "MonthAbbrBeforeDay"
         },
         {
          "key": "assignee",
          "isVisible": false,
          "width": 192,
          "dateIncludeTime": false,
          "timeFormat": "Format12",
          "dateFormat": "MonthAbbrBeforeDay"
         },
         {
          "key": "dueDate",
          "isVisible": false,
          "width": 192,
          "dateIncludeTime": false,
          "timeFormat": "Format12",
          "dateFormat": "MonthAbbrBeforeDay"
         },
         {
          "key": "attachments",
          "isVisible": false,
          "width": 192,
          "dateIncludeTime": false,
          "timeFormat": "Format12",
          "dateFormat": "MonthAbbrBeforeDay"
         },
         {
          "key": "status",
          "isVisible": false,
          "width": 192,
          "dateIncludeTime": false,
          "timeFormat": "Format12",
          "dateFormat": "MonthAbbrBeforeDay"
         },
         {
          "key": "tasks",
          "isVisible": false,
          "width": 192,
          "dateIncludeTime": false,
          "timeFormat": "Format12",
          "dateFormat": "MonthAbbrBeforeDay"
         },
         {
          "key": "linkedProjects",
          "isVisible": true,
          "width": 192,
          "dateIncludeTime": false,
          "timeFormat": "Format12",
          "dateFormat": "MonthAbbrBeforeDay"
         }
        ],
        "coverRelationKey": "",
        "hideIcon": false,
        "cardSize": "Small",
        "coverFit": false,
        "groupRelationKey": "",
        "groupBackgroundColors": false,
        "pageLimit": 0,
        "defaultTemplateId": "",
        "defaultObjectTypeId": ""
       }
      ],
      "relations": [
      ],
      "activeView": "",
      "groupOrders": [
       {
        "viewId": "6edeb228-2073-416e-9096-eef56c49da36",
        "viewGroups": [
         {
          "groupId": "",
          "index": 0,
          "hidden": false,
          "backgroundColor": ""
         },
         {
          "groupId": "",
          "index": 1,
          "hidden": false,
          "backgroundColor": "ice"
         },
         {
          "groupId": "",
          "index": 2,
          "hidden": false,
          "backgroundColor": "orange"
         },
         {
          "groupId": "",
          "index": 3,
          "hidden": false,
          "backgroundColor": "lime"
         }
        ]
       }
      ],
      "objectOrders": [
       {
        "viewId": "6edeb228-2073-416e-9096-eef56c49da36",
        "groupId": "63454ad0c493f68e301890db",
        "objectIds": [
        ]
       },
       {
        "viewId": "6edeb228-2073-416e-9096-eef56c49da36",
        "groupId": "63454af7c493f68e301890dd",
        "objectIds": [
        ]
       }
      ],
      "relationLinks": [
       {
        "key": "name",
        "format": "shorttext"
       },
       {
        "key": "id",
        "format": "object"
       },
       {
        "key": "description",
        "format": "longtext"
       },
       {
        "key": "type",
        "format": "object"
       },
       {
        "key": "creator",
        "format": "object"
       },
       {
        "key": "createdDate",
        "format": "date"
       },
       {
        "key": "layout",
        "format": "number"
       },
       {
        "key": "lastModifiedBy",
        "format": "object"
       },
       {
        "key": "iconImage",
        "format": "file"
       },
       {
        "key": "iconEmoji",
        "format": "emoji"
       },
       {
        "key": "coverId",
        "format": "shorttext"
       },
       {
        "key": "lastModifiedDate",
        "format": "date"
       },
       {
        "key": "lastOpenedDate",
        "format": "date"
       },
       {
        "key": "coverX",
        "format": "number"
       },
       {
        "key": "coverY",
        "format": "number"
       },
       {
        "key": "coverScale",
        "format": "number"
       },
       {
        "key": "featuredRelations",
        "format": "object"
       },
       {
        "key": "coverType",
        "format": "number"
       },
       {
        "key": "layoutAlign",
        "format": "number"
       },
       {
        "key": "isHidden",
        "format": "checkbox"
       },
       {
        "key": "isArchived",
        "format": "checkbox"
       },
       {
        "key": "tag",
        "format": "tag"
       },
       {
        "key": "isFavorite",
        "format": "checkbox"
       },
       {
        "key": "assignee",
        "format": "object"
       },
       {
        "key": "dueDate",
        "format": "date"
       },
       {
        "key": "attachments",
        "format": "file"
       },
       {
        "key": "status",
        "format": "status"
       },
       {
        "key": "done",
        "format": "checkbox"
       },
       {
        "key": "priority",
        "format": "number"
       },
       {
        "key": "tasks",
        "format": "object"
       },
       {
        "key": "linkedProjects",
        "format": "object"
       },
       {
        "key": "workspaceId",
        "format": "object"
       }
      ],
      "TargetObjectId": "",
      "isCollection": false
     }
    },
    {
     "id": "title",
     "fields": {
       "_detailsKey": [
          "name",
          "done"
         ]
      },
     "restrictions": {
      "read": false,
      "edit": false,
      "remove": true,
      "drag": true,
      "dropOn": true
     },
     "childrenIds": [
     ],
     "backgroundColor": "",
     "align": "AlignLeft",
     "verticalAlign": "VerticalAlignTop",
     "text": {
      "text": "",
      "style": "Title",
      "marks": {
       "marks": [
       ]
      },
      "checked": false,
      "color": "",
      "iconEmoji": "",
      "iconImage": ""
     }
    },
    {
     "id": "description",
     "fields": {
       "_detailsKey": "description"
      },
     "restrictions": {
      "read": false,
      "edit": false,
      "remove": true,
      "drag": true,
      "dropOn": true
     },
     "childrenIds": [
     ],
     "backgroundColor": "",
     "align": "AlignLeft",
     "verticalAlign": "VerticalAlignTop",
     "text": {
      "text": "",
      "style": "Description",
      "marks": {
       "marks": [
       ]
      },
      "checked": false,
      "color": "",
      "iconEmoji": "",
      "iconImage": ""
     }
    },
    {
     "id": "featuredRelations",
     "fields": null,
     "restrictions": {
      "read": false,
      "edit": false,
      "remove": true,
      "drag": true,
      "dropOn": true
     },
     "childrenIds": [
     ],
     "backgroundColor": "",
     "align": "AlignLeft",
     "verticalAlign": "VerticalAlignTop",
     "featuredRelations": {

     }
    }
   ],
   "details": {
     "addedDate": 1715072533,
     "backlinks": [
       ],
     "coverId": "",
     "coverScale": 0,
     "coverType": 0,
     "coverX": 0,
     "coverY": 0,
     "createdDate": 1715072533,
     "creator": "_participant_bafyreiefyhswqjkzmjchduec5yqs4ilhceltudamvxyiv4fa3nieoeecyq_38n3w6292lnzb_A8oJ2Z9pa6jZN9o5or3WAbzMde7xETqWnxy29NgaEw5NU6iM",
     "description": "Tasks collected from everywhere in Anytype",
     "featuredRelations": [
        "description",
        "type",
        "setOf",
        "backlinks"
       ],
     "iconEmoji": "📮",
     "id": "bafyreiahcqkpnaht2od6i3qdjablzrjqvaqilroo5qcpkewgdxhqei6wha",
     "importType": 3,
     "lastModifiedBy": "_participant_bafyreiefyhswqjkzmjchduec5yqs4ilhceltudamvxyiv4fa3nieoeecyq_38n3w6292lnzb_A8oJ2Z9pa6jZN9o5or3WAbzMde7xETqWnxy29NgaEw5NU6iM",
     "lastModifiedDate": 1715072533,
     "layout": 3,
     "links": [
       ],
     "name": "Tasks",
     "oldAnytypeID": "bafyreighzavahzdk3ewvlcftwfid6uebirl4asymohgikhpanwbzmfdaq4",
     "origin": 6,
     "restrictions": [
       ],
     "setOf": [
        "bafyreicgth6a2w2kwhuzchqi3mpt5mrmu4bdbcnlctrcsngdria6zydi6q"
       ],
     "snippet": "",
     "sourceFilePath": "bafyreighzavahzdk3ewvlcftwfid6uebirl4asymohgikhpanwbzmfdaq4",
     "spaceId": "bafyreiefyhswqjkzmjchduec5yqs4ilhceltudamvxyiv4fa3nieoeecyq.38n3w6292lnzb",
     "type": "bafyreifccpxqqq5rglj4ywrfkortkgqkzu5s6gey3g5345gn5zwgaj6rfu"
    },
   "fileKeys": null,
   "extraRelations": [
   ],
   "objectTypes": [
    "ot-set"
   ],
   "collections": null,
   "removedCollectionKeys": [
   ],
   "relationLinks": [
    {
     "key": "id",
     "format": "object"
    },
    {
     "key": "snippet",
     "format": "longtext"
    },
    {
     "key": "createdDate",
     "format": "date"
    },
    {
     "key": "creator",
     "format": "object"
    },
    {
     "key": "type",
     "format": "object"
    },
    {
     "key": "layout",
     "format": "number"
    },
    {
     "key": "featuredRelations",
     "format": "object"
    },
    {
     "key": "lastModifiedDate",
     "format": "date"
    },
    {
     "key": "lastModifiedBy",
     "format": "object"
    },
    {
     "key": "name",
     "format": "shorttext"
    },
    {
     "key": "iconEmoji",
     "format": "emoji"
    },
    {
     "key": "description",
     "format": "longtext"
    },
    {
     "key": "iconImage",
     "format": "file"
    },
    {
     "key": "layoutAlign",
     "format": "number"
    },
    {
     "key": "coverId",
     "format": "shorttext"
    },
    {
     "key": "coverScale",
     "format": "number"
    },
    {
     "key": "coverType",
     "format": "number"
    },
    {
     "key": "coverX",
     "format": "number"
    },
    {
     "key": "coverY",
     "format": "number"
    },
    {
     "key": "lastOpenedDate",
     "format": "date"
    },
    {
     "key": "isHidden",
     "format": "checkbox"
    },
    {
     "key": "isArchived",
     "format": "checkbox"
    },
    {
     "key": "isFavorite",
     "format": "checkbox"
    },
    {
     "key": "setOf",
     "format": "object"
    },
    {
     "key": "workspaceId",
     "format": "object"
    },
    {
     "key": "links",
     "format": "object"
    },
    {
     "key": "restrictions",
     "format": "number"
    },
    {
     "key": "internalFlags",
     "format": "number"
    },
    {
     "key": "sourceFilePath",
     "format": "longtext"
    },
    {
     "key": "oldAnytypeID",
     "format": "longtext"
    },
    {
     "key": "backlinks",
     "format": "object"
    },
    {
     "key": "importType",
     "format": "number"
    },
    {
     "key": "origin",
     "format": "number"
    },
    {
     "key": "addedDate",
     "format": "date"
    },
    {
     "key": "spaceId",
     "format": "object"
    }
   ],
   "key": "",
   "originalCreatedTimestamp": "0",
   "fileInfo": null
  },
  "fileKeys": [
  ]
 }
}